Flat_Index,History_Timestep,Feature_Index,Importance
1479,9,30,0.015536204
315,1,154,0.013106616
996,6,30,0.011612611
1462,9,13,0.010673365
1583,9,134,0.010378103
1157,7,30,0.0098274555
1342,8,54,0.009710981
1301,8,13,0.009343478
1149,7,22,0.009244828
1253,7,126,0.009136787
1318,8,30,0.008082086
1422,8,134,0.007967619
1140,7,13,0.0077882744
1181,7,54,0.007712801
1503,9,54,0.0074738804
827,5,22,0.006984186
1442,8,154,0.0066861445
1471,9,22,0.006419541
1575,9,126,0.0063928682
656,4,12,0.006262811
637,3,154,0.0061151884
451,2,129,0.005868297
617,3,134,0.005652251
666,4,22,0.00558326
1603,9,154,0.0055441214
1343,8,55,0.0053799017
602,3,119,0.0053579425
674,4,30,0.0051624645
835,5,30,0.005135076
659,4,15,0.0050360058
979,6,13,0.0050197677
1470,9,21,0.0049607605
629,3,146,0.004929389
288,1,127,0.004724039
1050,6,84,0.0045364727
1463,9,14,0.0045309146
155,0,155,0.004522601
1310,8,22,0.0044898
468,2,146,0.004331638
1606,9,157,0.004275186
947,5,142,0.0042699003
923,5,118,0.004219404
279,1,118,0.0040896996
1360,8,72,0.003986276
1084,6,118,0.003970964
287,1,126,0.0038778814
1464,9,15,0.003828383
1281,7,154,0.0037591232
1339,8,51,0.0037573518
989,6,23,0.003724453
1444,8,156,0.00372309
307,1,146,0.0037197177
425,2,103,0.0036091933
957,5,152,0.0035885773
23,0,23,0.003560141
601,3,118,0.0035523055
256,1,95,0.0035225698
316,1,155,0.0034953079
402,2,80,0.0034545886
980,6,14,0.0034445385
290,1,129,0.0033691546
762,4,118,0.0033070683
1120,6,154,0.0033068245
295,1,134,0.0033000633
790,4,146,0.003300032
1177,7,50,0.0032907918
956,5,151,0.0032754347
129,0,129,0.003200899
1578,9,129,0.0030980157
1592,9,143,0.003038495
988,6,22,0.002993809
134,0,134,0.002977104
1595,9,146,0.0029742736
456,2,134,0.0029725393
119,0,119,0.0029608686
1590,9,141,0.0029497845
126,0,126,0.002925877
960,5,155,0.0029225776
1398,8,110,0.002854936
1531,9,82,0.0028441772
1284,7,157,0.0028284863
610,3,127,0.002825391
865,5,60,0.0027242952
393,2,71,0.002692128
1311,8,23,0.0026882673
184,1,23,0.002667429
22,0,22,0.002665004
1434,8,146,0.0026425114
79,0,79,0.0026175412
280,1,119,0.002606719
1154,7,27,0.0025738128
1237,7,110,0.0025570304
998,6,32,0.0025452024
1559,9,110,0.0025429896
441,2,119,0.0025013254
1560,9,111,0.0024934567
1085,6,119,0.0024819004
667,4,23,0.0024617966
465,2,143,0.002446535
819,5,14,0.0024456263
102,0,102,0.0024023433
35,0,35,0.0024022548
1582,9,133,0.0023822763
232,1,71,0.002356911
1334,8,46,0.0023476898
843,5,38,0.00232728
521,3,38,0.0023068201
118,0,118,0.002285239
1536,9,87,0.0022809212
939,5,134,0.0022310833
30,0,30,0.0022085905
1476,9,27,0.0021803337
354,2,32,0.0021739514
959,5,154,0.0021551426
62,0,62,0.002146701
1374,8,86,0.0021397206
1543,9,94,0.0021334558
31,0,31,0.0021327478
1581,9,132,0.0021200553
214,1,53,0.0021076575
800,4,156,0.0020987533
1197,7,70,0.0020816878
1283,7,156,0.0020765217
1406,8,118,0.002074212
1173,7,46,0.0020206922
1004,6,38,0.0020092318
191,1,30,0.0020067613
1329,8,41,0.00200232
472,2,150,0.0019956399
1007,6,41,0.0019912461
1604,9,155,0.0019837462
815,5,10,0.0019790307
933,5,128,0.001966078
1261,7,134,0.0019649055
1567,9,118,0.0019360736
1222,7,95,0.0019327734
513,3,30,0.0019217917
1150,7,23,0.0019215894
64,0,64,0.0019132117
240,1,79,0.0019105971
447,2,125,0.0019085894
135,0,135,0.0018814306
739,4,95,0.0018664522
852,5,47,0.0018627968
417,2,95,0.0018619619
828,5,23,0.0018393478
1165,7,38,0.0018273788
858,5,53,0.0018205133
344,2,22,0.0018130688
1326,8,38,0.0018123413
530,3,47,0.0018027861
562,3,79,0.0017929898
657,4,13,0.0017924422
224,1,63,0.0017923181
1472,9,23,0.0017828848
553,3,70,0.0017755323
1280,7,153,0.0017742445
183,1,22,0.0017658876
1453,9,4,0.0017613472
1414,8,126,0.0017590628
1535,9,86,0.0017559895
150,0,150,0.0017526377
94,0,94,0.0017407604
1121,6,155,0.0017387775
1060,6,94,0.0017267475
830,5,25,0.0017070008
1180,7,53,0.0017045897
464,2,142,0.0016902629
432,2,110,0.0016833323
431,2,109,0.0016737687
1012,6,46,0.0016734932
1417,8,129,0.0016612303
682,4,38,0.0016499157
1599,9,150,0.0016407062
1352,8,64,0.0016345165
1100,6,134,0.0016323435
1061,6,95,0.001616465
660,4,16,0.0016143009
375,2,53,0.0016123782
440,2,118,0.0015871226
368,2,46,0.0015860335
1496,9,47,0.0015710053
1544,9,95,0.0015696068
797,4,153,0.001567435
808,5,3,0.001560728
1245,7,118,0.0015477315
95,0,95,0.001544814
1182,7,55,0.0015447176
1111,6,145,0.0015346798
87,0,87,0.0015342438
1174,7,47,0.0015310356
11,0,11,0.0015293416
578,3,95,0.0015244033
1552,9,103,0.0015228853
1151,7,24,0.0015031206
851,5,46,0.0015013857
1052,6,86,0.0014817361
179,1,18,0.0014635578
1512,9,63,0.0014635271
192,1,31,0.001460087
439,2,117,0.001443319
1167,7,40,0.0014413884
162,1,1,0.0014304557
1206,7,79,0.0014161647
1198,7,71,0.0014140888
899,5,94,0.0014075765
47,0,47,0.0014072995
54,0,54,0.0014053156
369,2,47,0.0014042438
768,4,124,0.0013965206
1288,8,0,0.0013926723
223,1,62,0.0013917907
1044,6,78,0.0013900257
938,5,133,0.0013849641
175,1,14,0.0013826903
46,0,46,0.0013795824
12,0,12,0.0013791943
1446,8,158,0.0013753586
1128,7,1,0.0013742802
1019,6,53,0.0013713624
1411,8,123,0.0013603644
1528,9,79,0.0013566492
59,0,59,0.001353279
1520,9,71,0.0013520119
1495,9,46,0.0013518877
1013,6,47,0.0013509702
123,0,123,0.0013501643
1519,9,70,0.0013476566
638,3,155,0.0013476103
730,4,86,0.0013361182
1395,8,107,0.0013338126
628,3,145,0.0013109137
675,4,31,0.001305792
1452,9,3,0.0013023379
1221,7,94,0.001299348
924,5,119,0.0012960617
916,5,111,0.0012897389
1327,8,39,0.0012885
1375,8,87,0.0012868661
207,1,46,0.0012764746
1382,8,94,0.0012757952
955,5,150,0.0012751609
38,0,38,0.0012570206
1358,8,70,0.0012517679
743,4,99,0.0012499529
1607,9,158,0.0012423606
1268,7,141,0.0012394398
1053,6,87,0.0012384093
806,5,1,0.0012373106
789,4,145,0.0012349564
547,3,64,0.0012269693
1356,8,68,0.001219066
579,3,96,0.0012183351
1070,6,104,0.0012172224
409,2,87,0.0012153238
326,2,4,0.0012144945
1136,7,9,0.0011949531
259,1,98,0.0011901229
1584,9,135,0.0011849569
312,1,151,0.0011791058
928,5,123,0.001178844
1289,8,1,0.001176559
156,0,156,0.0011740088
707,4,63,0.0011703719
352,2,30,0.0011680669
85,0,85,0.001164201
1500,9,51,0.0011634241
140,0,140,0.0011625589
1365,8,77,0.0011575773
304,1,143,0.0011467848
816,5,11,0.0011415074
1122,6,156,0.0011412873
1028,6,62,0.001136957
1608,9,159,0.0011121745
14,0,14,0.0011096298
763,4,119,0.0011089414
1300,8,12,0.0011039649
408,2,86,0.0011030261
385,2,63,0.0011022114
714,4,70,0.00110113
1287,7,160,0.0011001733
1299,8,11,0.0010935918
876,5,71,0.0010900898
1482,9,33,0.0010893025
139,0,139,0.0010870582
679,4,35,0.0010864617
1437,8,149,0.0010847881
884,5,79,0.0010820337
498,3,15,0.0010564339
690,4,46,0.0010553222
86,0,86,0.0010552
1510,9,61,0.0010545051
540,3,57,0.0010419578
1178,7,51,0.0010419369
645,4,1,0.001041881
786,4,142,0.0010384499
799,4,155,0.0010323991
360,2,38,0.0010280556
1562,9,113,0.001026035
1101,6,135,0.0010245515
275,1,114,0.0010149117
141,0,141,0.0010114354
1460,9,11,0.0010066766
247,1,86,0.0009997049
264,1,103,0.0009957502
572,3,89,0.0009885075
1246,7,119,0.0009866133
1498,9,49,0.0009777205
537,3,54,0.0009773851
875,5,70,0.0009707024
1254,7,127,0.0009689497
1320,8,32,0.0009660085
53,0,53,0.0009642036
529,3,46,0.00096315466
793,4,149,0.0009597697
948,5,143,0.0009584335
138,0,138,0.0009578729
1487,9,38,0.00095297204
1419,8,131,0.0009501237
1609,9,160,0.0009313289
1037,6,71,0.00093007745
477,2,155,0.000928474
248,1,87,0.0009284577
639,3,156,0.0009273643
778,4,134,0.00092543097
1458,9,9,0.0009206656
1214,7,87,0.00091862207
794,4,150,0.0009168671
1507,9,58,0.0009163784
1432,8,144,0.000913612
154,0,154,0.0009125378
696,4,52,0.0009105296
691,4,47,0.0009101963
636,3,153,0.0009074883
606,3,123,0.0009067666
63,0,63,0.0009062779
641,3,158,0.00090283045
71,0,71,0.0009027282
634,3,151,0.0008978847
144,0,144,0.0008889771
433,2,111,0.0008855241
205,1,44,0.00088343245
961,5,156,0.0008774647
658,4,14,0.0008770272
1278,7,151,0.00087627524
325,2,3,0.0008673293
111,0,111,0.0008627223
1488,9,39,0.00084812345
1045,6,79,0.0008445578
747,4,103,0.00084349053
577,3,94,0.0008429188
461,2,139,0.00083604734
1568,9,119,0.00083568704
1319,8,31,0.00083250663
863,5,58,0.00081762567
270,1,109,0.0008153668
1605,9,156,0.00081443705
1461,9,12,0.00080965896
940,5,135,0.0008087043
1226,7,99,0.00080697896
311,1,150,0.00080631074
1068,6,102,0.00080390176
1355,8,67,0.0008011402
1184,7,57,0.0008003913
125,0,125,0.00080001785
932,5,127,0.0007994987
1069,6,103,0.0007958499
1586,9,137,0.000794621
381,2,59,0.0007920517
585,3,102,0.0007787236
1440,8,152,0.0007755797
1591,9,142,0.0007749866
1443,8,155,0.0007724428
1166,7,39,0.00077021687
208,1,47,0.00077017257
1047,6,81,0.00076384924
683,4,39,0.00076003675
158,0,158,0.0007542724
1383,8,95,0.0007522185
1282,7,155,0.00074958184
1230,7,103,0.00074921874
580,3,97,0.0007488742
910,5,105,0.00074756745
68,0,68,0.00074733136
336,2,14,0.0007467103
967,6,1,0.00074444356
496,3,13,0.0007382706
1335,8,47,0.0007382284
883,5,78,0.00073657924
1556,9,107,0.0007363889
296,1,135,0.00073468895
1573,9,124,0.0007296253
886,5,81,0.0007291317
771,4,127,0.00072379614
78,0,78,0.00072359026
1131,7,4,0.00072158384
965,5,160,0.0007190959
173,1,12,0.0007158517
1551,9,102,0.00071138126
1093,6,127,0.00071134564
1190,7,63,0.00070666964
698,4,54,0.00070455193
200,1,39,0.0007005984
1189,7,62,0.0006988146
1138,7,11,0.0006985369
1448,8,160,0.00069761503
635,3,152,0.00069372973
1043,6,77,0.00069217547
1213,7,86,0.0006918842
1130,7,3,0.0006918581
392,2,70,0.00068989024
640,3,157,0.0006820675
480,2,158,0.0006752104
1511,9,62,0.0006726104
378,2,56,0.00067252305
767,4,123,0.0006695587
1017,6,51,0.0006693387
546,3,63,0.00066666905
1250,7,123,0.00066564407
962,5,157,0.0006649169
891,5,86,0.0006637586
505,3,22,0.00066367013
377,2,55,0.00065928925
868,5,63,0.0006585193
1350,8,62,0.00065674545
338,2,16,0.0006545978
1504,9,55,0.00064891914
109,0,109,0.00064546574
765,4,121,0.0006442099
1473,9,24,0.0006434795
317,1,156,0.0006433984
99,0,99,0.0006370599
1321,8,33,0.00063566654
6,0,6,0.00063312636
103,0,103,0.0006300186
497,3,14,0.000627393
586,3,103,0.0006271135
216,1,55,0.00062682375
544,3,61,0.0006220964
1303,8,15,0.0006204938
345,2,23,0.00061973423
13,0,13,0.0006182531
1018,6,52,0.00061774824
1124,6,158,0.00061683886
1077,6,111,0.00061386527
907,5,102,0.00061299605
70,0,70,0.0006101773
1399,8,111,0.00060725224
1588,9,139,0.00060629344
1449,9,0,0.00060582353
1338,8,50,0.0006051663
1294,8,6,0.00060491357
443,2,121,0.0006014214
310,1,149,0.0005996018
1080,6,114,0.0005967371
791,4,147,0.0005937931
1385,8,97,0.00059058843
422,2,100,0.00058925955
110,0,110,0.00058756914
319,1,158,0.0005845484
51,0,51,0.00057882234
491,3,8,0.00057813164
1521,9,72,0.00057619787
1225,7,98,0.0005736192
836,5,31,0.0005725509
1036,6,70,0.00056646165
478,2,156,0.0005644419
1029,6,63,0.00056307093
1232,7,105,0.0005622823
1557,9,108,0.0005616416
1135,7,8,0.00055499136
536,3,53,0.00055129535
1455,9,6,0.00054970034
455,2,133,0.00054947805
90,0,90,0.00054776296
892,5,87,0.0005475769
445,2,123,0.0005458889
1005,6,39,0.00054542575
448,2,126,0.00054360303
361,2,39,0.0005394732
754,4,110,0.00053881505
1126,6,160,0.0005386371
55,0,55,0.0005340881
1366,8,78,0.000533245
1285,7,158,0.00053120946
594,3,111,0.0005311209
643,3,160,0.0005267386
286,1,125,0.00052265846
1371,8,83,0.000521823
779,4,135,0.0005216783
1457,9,8,0.0005207765
963,5,158,0.00052056083
1049,6,83,0.0005197931
773,4,129,0.00051596394
1252,7,125,0.0005154292
1308,8,20,0.0005153742
1480,9,31,0.0005144126
343,2,21,0.0005142447
538,3,55,0.00051388994
1351,8,63,0.00051198393
1021,6,55,0.0005115072
271,1,110,0.00051130884
727,4,83,0.0005067829
1238,7,111,0.0005060363
1117,6,151,0.00050151494
284,1,123,0.00049727637
880,5,75,0.0004940242
143,0,143,0.00049351185
335,2,13,0.0004904001
1257,7,130,0.0004902682
416,2,94,0.000489306
549,3,66,0.00048794795
608,3,125,0.0004875964
1359,8,71,0.0004869494
386,2,64,0.00048678825
755,4,111,0.00048624168
387,2,65,0.00048516286
254,1,93,0.00048332883
1523,9,74,0.00048283732
1391,8,103,0.0004826686
1218,7,91,0.0004811019
272,1,111,0.00048005508
1258,7,131,0.00047885085
1439,8,151,0.00047819305
970,6,4,0.00047577295
803,4,159,0.00047335826
199,1,38,0.00047035437
568,3,85,0.00046986766
1304,8,16,0.00046801136
1158,7,31,0.0004653644
1234,7,107,0.0004647907
1204,7,77,0.00046356223
697,4,53,0.0004634221
449,2,127,0.0004598292
809,5,4,0.00045968866
353,2,31,0.0004535433
142,0,142,0.000451808
411,2,89,0.00045122788
1580,9,131,0.00044864867
1413,8,125,0.00044727811
169,1,8,0.00044487935
975,6,9,0.00043897994
489,3,6,0.0004368479
844,5,39,0.0004360986
1269,7,142,0.00043533917
1089,6,123,0.00042812707
74,0,74,0.00042680246
745,4,101,0.00042539847
1105,6,139,0.00042507634
1146,7,19,0.00041939656
1485,9,36,0.00041720597
128,0,128,0.00041708676
164,1,3,0.0004152932
334,2,12,0.00041473808
1091,6,125,0.0004116296
302,1,141,0.00041043505
323,2,1,0.00040970225
313,1,152,0.00040823966
484,3,1,0.00040669355
522,3,39,0.00040559526
737,4,93,0.00040199046
508,3,25,0.00039813312
1302,8,14,0.00039784465
255,1,94,0.0003962725
1042,6,76,0.00039614268
1116,6,150,0.00039389607
930,5,125,0.00039381493
0,0,0,0.00039376554
263,1,102,0.00039305954
509,3,26,0.0003924374
1341,8,53,0.0003913032
915,5,110,0.00039057247
524,3,41,0.00039045693
1205,7,78,0.0003855997
649,4,5,0.00038298953
1332,8,44,0.00038259977
1076,6,110,0.00037749833
1095,6,129,0.00037724554
514,3,31,0.00037498612
1489,9,40,0.000371039
770,4,126,0.0003688794
958,5,153,0.0003676425
618,3,135,0.00036462754
609,3,126,0.00036451558
379,2,57,0.00036169542
301,1,140,0.00036096663
124,0,124,0.0003600608
860,5,55,0.00035955763
1574,9,125,0.00035828902
569,3,86,0.00035755933
1297,8,9,0.0003572835
520,3,37,0.0003562648
1477,9,28,0.00035546275
473,2,151,0.00035142293
964,5,159,0.00034977097
1011,6,45,0.00034832046
93,0,93,0.00034831645
1142,7,15,0.00034581535
882,5,77,0.0003457159
19,0,19,0.00034477317
163,1,2,0.00034411156
972,6,6,0.00034274964
804,4,160,0.0003424388
231,1,70,0.0003424376
482,2,160,0.00034170307
941,5,136,0.0003413525
148,0,148,0.00034132297
67,0,67,0.00034130007
77,0,77,0.0003408235
746,4,102,0.00034034342
176,1,15,0.00033846733
1020,6,54,0.0003364125
1141,7,14,0.00033584534
950,5,145,0.00033516696
39,0,39,0.00033469065
1098,6,132,0.00033108026
1072,6,106,0.0003302479
1277,7,150,0.00032906866
1015,6,49,0.0003271961
1275,7,148,0.00032410107
1025,6,59,0.0003221361
1255,7,128,0.00032091292
1345,8,57,0.00032075896
631,3,148,0.00031934498
542,3,59,0.00031226245
1292,8,4,0.0003091408
1168,7,41,0.00030708863
802,4,158,0.00030038424
1515,9,66,0.0002984963
1538,9,89,0.00029797028
341,2,19,0.00029793187
647,4,3,0.00029366158
723,4,79,0.00029242277
912,5,107,0.00028991123
805,5,0,0.00028865415
798,4,154,0.00028799652
616,3,133,0.0002866677
900,5,95,0.00028615844
1397,8,109,0.00028514594
1187,7,60,0.00028239476
810,5,5,0.00028077414
710,4,66,0.0002793684
1114,6,148,0.00027790156
1438,8,150,0.00027655694
1073,6,107,0.00027400942
424,2,102,0.00027264585
1129,7,2,0.0002712109
1373,8,85,0.00027006495
1262,7,135,0.0002690935
1133,7,6,0.00026900455
813,5,8,0.0002681155
1188,7,61,0.00026664193
168,1,7,0.00026530406
1549,9,100,0.00026359377
777,4,133,0.00026012844
1474,9,25,0.00025771104
413,2,91,0.00025757257
699,4,55,0.00025597718
506,3,23,0.00025552817
769,4,125,0.00025235576
289,1,128,0.00025187214
523,3,40,0.000251751
936,5,131,0.00024739784
367,2,45,0.0002462159
107,0,107,0.00024458353
1576,9,127,0.00024244943
65,0,65,0.00024106957
576,3,93,0.00023867429
230,1,69,0.00023533887
1295,8,7,0.00023476245
1307,8,19,0.0002338396
650,4,6,0.00023120231
1525,9,76,0.00022929981
474,2,152,0.00022686843
507,3,24,0.00022546329
132,0,132,0.00022484898
784,4,140,0.000219531
1270,7,143,0.0002193813
1430,8,142,0.00021933578
1400,8,112,0.00021839357
1291,8,3,0.00021746606
1450,9,1,0.000215295
471,2,149,0.00021324946
560,3,77,0.00021229818
1402,8,114,0.00020766204
812,5,7,0.00020765692
262,1,101,0.00020487625
859,5,54,0.00020478481
117,0,117,0.00020380104
239,1,78,0.00020265268
600,3,117,0.00020219579
887,5,82,0.00020170058
1506,9,57,0.0002016339
1211,7,84,0.00020152194
469,2,147,0.00020020544
695,4,51,0.00019886564
3,0,3,0.00019739119
1260,7,133,0.00019570474
1447,8,159,0.00019439386
1170,7,43,0.0001938642
966,6,0,0.00019369333
607,3,124,0.00018955967
318,1,157,0.0001878151
548,3,65,0.0001870717
795,4,151,0.0001870073
1494,9,45,0.00018509744
1431,8,143,0.00018428647
817,5,12,0.00017679355
687,4,43,0.00017477522
1456,9,7,0.00017389262
1433,8,145,0.0001720779
1032,6,66,0.00016178195
462,2,140,0.00016006612
999,6,33,0.00015689713
80,0,80,0.0001504459
1127,7,0,0.00014778161
405,2,83,0.00014680365
1035,6,69,0.00014632764
305,1,144,0.00014480345
644,4,0,0.00014402348
651,4,7,0.000143368
151,0,151,0.00014046072
1445,8,157,0.00013865995
775,4,131,0.00013442052
1134,7,7,0.00013424593
49,0,49,0.00013300027
122,0,122,0.00013047917
1312,8,24,0.00012941193
2,0,2,0.00012801825
187,1,26,0.00012754864
1229,7,102,0.00012751913
920,5,115,0.0001196173
389,2,67,0.00011707964
655,4,11,0.00010701696
1381,8,93,0.00010266446
1492,9,43,0.00010002323
648,4,4,9.964145e-05
684,4,40,9.808578e-05
1421,8,133,9.626089e-05
281,1,120,9.454197e-05
554,3,71,9.382555e-05
614,3,131,9.250349e-05
1039,6,73,9.147429e-05
185,1,24,9.067278e-05
235,1,74,9.052791e-05
1497,9,48,8.9234854e-05
1243,7,116,8.7972345e-05
9,0,9,8.598809e-05
66,0,66,8.321305e-05
1415,8,127,7.760229e-05
1593,9,144,7.166163e-05
1298,8,10,6.1962e-05
174,1,13,4.695792e-05
1107,6,141,3.9940216e-05
926,5,121,3.7540092e-05
705,4,61,0.0
704,4,60,0.0
703,4,59,0.0
702,4,58,0.0
589,3,106,0.0
588,3,105,0.0
587,3,104,0.0
615,3,132,0.0
613,3,130,0.0
612,3,129,0.0
611,3,128,0.0
701,4,57,0.0
700,4,56,0.0
729,4,85,0.0
728,4,84,0.0
726,4,82,0.0
725,4,81,0.0
724,4,80,0.0
722,4,78,0.0
721,4,77,0.0
720,4,76,0.0
719,4,75,0.0
718,4,74,0.0
717,4,73,0.0
716,4,72,0.0
715,4,71,0.0
744,4,100,0.0
742,4,98,0.0
741,4,97,0.0
740,4,96,0.0
738,4,94,0.0
736,4,92,0.0
735,4,91,0.0
734,4,90,0.0
733,4,89,0.0
732,4,88,0.0
731,4,87,0.0
761,4,117,0.0
760,4,116,0.0
759,4,115,0.0
758,4,114,0.0
757,4,113,0.0
756,4,112,0.0
753,4,109,0.0
752,4,108,0.0
751,4,107,0.0
750,4,106,0.0
573,3,90,0.0
571,3,88,0.0
570,3,87,0.0
599,3,116,0.0
598,3,115,0.0
597,3,114,0.0
596,3,113,0.0
595,3,112,0.0
593,3,110,0.0
592,3,109,0.0
591,3,108,0.0
590,3,107,0.0
749,4,105,0.0
748,4,104,0.0
776,4,132,0.0
774,4,130,0.0
772,4,128,0.0
766,4,122,0.0
557,3,74,0.0
556,3,73,0.0
555,3,72,0.0
584,3,101,0.0
583,3,100,0.0
582,3,99,0.0
581,3,98,0.0
575,3,92,0.0
574,3,91,0.0
764,4,120,0.0
792,4,148,0.0
788,4,144,0.0
787,4,143,0.0
785,4,141,0.0
783,4,139,0.0
782,4,138,0.0
541,3,58,0.0
539,3,56,0.0
567,3,84,0.0
566,3,83,0.0
565,3,82,0.0
564,3,81,0.0
563,3,80,0.0
561,3,78,0.0
559,3,76,0.0
558,3,75,0.0
781,4,137,0.0
780,4,136,0.0
807,5,2,0.0
801,4,157,0.0
796,4,152,0.0
825,5,20,0.0
824,5,19,0.0
823,5,18,0.0
822,5,17,0.0
821,5,16,0.0
820,5,15,0.0
818,5,13,0.0
814,5,9,0.0
525,3,42,0.0
552,3,69,0.0
551,3,68,0.0
550,3,67,0.0
545,3,62,0.0
543,3,60,0.0
811,5,6,0.0
841,5,36,0.0
840,5,35,0.0
839,5,34,0.0
838,5,33,0.0
837,5,32,0.0
834,5,29,0.0
833,5,28,0.0
832,5,27,0.0
831,5,26,0.0
829,5,24,0.0
826,5,21,0.0
857,5,52,0.0
856,5,51,0.0
855,5,50,0.0
854,5,49,0.0
853,5,48,0.0
850,5,45,0.0
849,5,44,0.0
848,5,43,0.0
847,5,42,0.0
846,5,41,0.0
535,3,52,0.0
534,3,51,0.0
533,3,50,0.0
532,3,49,0.0
531,3,48,0.0
528,3,45,0.0
527,3,44,0.0
526,3,43,0.0
845,5,40,0.0
842,5,37,0.0
873,5,68,0.0
872,5,67,0.0
871,5,66,0.0
870,5,65,0.0
869,5,64,0.0
867,5,62,0.0
866,5,61,0.0
864,5,59,0.0
862,5,57,0.0
861,5,56,0.0
889,5,84,0.0
888,5,83,0.0
885,5,80,0.0
881,5,76,0.0
879,5,74,0.0
878,5,73,0.0
493,3,10,0.0
492,3,9,0.0
490,3,7,0.0
519,3,36,0.0
518,3,35,0.0
517,3,34,0.0
516,3,33,0.0
515,3,32,0.0
512,3,29,0.0
511,3,28,0.0
510,3,27,0.0
877,5,72,0.0
874,5,69,0.0
905,5,100,0.0
904,5,99,0.0
903,5,98,0.0
902,5,97,0.0
901,5,96,0.0
898,5,93,0.0
897,5,92,0.0
896,5,91,0.0
895,5,90,0.0
894,5,89,0.0
893,5,88,0.0
890,5,85,0.0
921,5,116,0.0
919,5,114,0.0
918,5,113,0.0
917,5,112,0.0
914,5,109,0.0
913,5,108,0.0
911,5,106,0.0
476,2,154,0.0
475,2,153,0.0
504,3,21,0.0
503,3,20,0.0
502,3,19,0.0
501,3,18,0.0
500,3,17,0.0
499,3,16,0.0
495,3,12,0.0
494,3,11,0.0
909,5,104,0.0
908,5,103,0.0
906,5,101,0.0
937,5,132,0.0
935,5,130,0.0
934,5,129,0.0
931,5,126,0.0
929,5,124,0.0
927,5,122,0.0
925,5,120,0.0
922,5,117,0.0
953,5,148,0.0
952,5,147,0.0
951,5,146,0.0
949,5,144,0.0
946,5,141,0.0
945,5,140,0.0
944,5,139,0.0
943,5,138,0.0
942,5,137,0.0
460,2,138,0.0
459,2,137,0.0
458,2,136,0.0
488,3,5,0.0
487,3,4,0.0
486,3,3,0.0
485,3,2,0.0
483,3,0,0.0
481,2,159,0.0
479,2,157,0.0
969,6,3,0.0
968,6,2,0.0
444,2,122,0.0
442,2,120,0.0
470,2,148,0.0
467,2,145,0.0
466,2,144,0.0
463,2,141,0.0
954,5,149,0.0
985,6,19,0.0
984,6,18,0.0
983,6,17,0.0
982,6,16,0.0
981,6,15,0.0
978,6,12,0.0
977,6,11,0.0
976,6,10,0.0
974,6,8,0.0
973,6,7,0.0
971,6,5,0.0
1001,6,35,0.0
1000,6,34,0.0
997,6,31,0.0
995,6,29,0.0
994,6,28,0.0
993,6,27,0.0
992,6,26,0.0
991,6,25,0.0
990,6,24,0.0
429,2,107,0.0
428,2,106,0.0
427,2,105,0.0
426,2,104,0.0
457,2,135,0.0
454,2,132,0.0
453,2,131,0.0
452,2,130,0.0
450,2,128,0.0
446,2,124,0.0
987,6,21,0.0
986,6,20,0.0
1016,6,50,0.0
1014,6,48,0.0
1010,6,44,0.0
1009,6,43,0.0
1008,6,42,0.0
1006,6,40,0.0
412,2,90,0.0
410,2,88,0.0
438,2,116,0.0
437,2,115,0.0
436,2,114,0.0
435,2,113,0.0
434,2,112,0.0
430,2,108,0.0
1003,6,37,0.0
1002,6,36,0.0
1033,6,67,0.0
1031,6,65,0.0
1030,6,64,0.0
1027,6,61,0.0
1026,6,60,0.0
1024,6,58,0.0
1023,6,57,0.0
1022,6,56,0.0
397,2,75,0.0
396,2,74,0.0
395,2,73,0.0
394,2,72,0.0
423,2,101,0.0
421,2,99,0.0
420,2,98,0.0
419,2,97,0.0
418,2,96,0.0
415,2,93,0.0
414,2,92,0.0
1048,6,82,0.0
1046,6,80,0.0
1041,6,75,0.0
1040,6,74,0.0
1038,6,72,0.0
1034,6,68,0.0
1065,6,99,0.0
1064,6,98,0.0
1063,6,97,0.0
1062,6,96,0.0
1059,6,93,0.0
1058,6,92,0.0
1057,6,91,0.0
1056,6,90,0.0
1055,6,89,0.0
1054,6,88,0.0
380,2,58,0.0
407,2,85,0.0
406,2,84,0.0
404,2,82,0.0
403,2,81,0.0
401,2,79,0.0
400,2,78,0.0
399,2,77,0.0
398,2,76,0.0
1051,6,85,0.0
1081,6,115,0.0
1079,6,113,0.0
1078,6,112,0.0
1075,6,109,0.0
1074,6,108,0.0
1071,6,105,0.0
1067,6,101,0.0
1066,6,100,0.0
1097,6,131,0.0
1096,6,130,0.0
1094,6,128,0.0
1092,6,126,0.0
1090,6,124,0.0
1088,6,122,0.0
1087,6,121,0.0
1086,6,120,0.0
365,2,43,0.0
364,2,42,0.0
363,2,41,0.0
362,2,40,0.0
391,2,69,0.0
390,2,68,0.0
388,2,66,0.0
384,2,62,0.0
383,2,61,0.0
382,2,60,0.0
1083,6,117,0.0
1082,6,116,0.0
1113,6,147,0.0
1112,6,146,0.0
1110,6,144,0.0
1109,6,143,0.0
1108,6,142,0.0
1106,6,140,0.0
1104,6,138,0.0
1103,6,137,0.0
1102,6,136,0.0
1099,6,133,0.0
8,0,8,0.0
1589,9,140,0.0
1125,6,159,0.0
1123,6,157,0.0
1119,6,153,0.0
1118,6,152,0.0
349,2,27,0.0
348,2,26,0.0
347,2,25,0.0
346,2,24,0.0
376,2,54,0.0
374,2,52,0.0
373,2,51,0.0
372,2,50,0.0
371,2,49,0.0
370,2,48,0.0
1587,9,138,0.0
366,2,44,0.0
1115,6,149,0.0
1585,9,136,0.0
1145,7,18,0.0
1144,7,17,0.0
1143,7,16,0.0
1139,7,12,0.0
1137,7,10,0.0
1597,9,148,0.0
333,2,11,0.0
332,2,10,0.0
331,2,9,0.0
330,2,8,0.0
359,2,37,0.0
358,2,36,0.0
357,2,35,0.0
356,2,34,0.0
355,2,33,0.0
351,2,29,0.0
350,2,28,0.0
1596,9,147,0.0
1132,7,5,0.0
1161,7,34,0.0
1160,7,33,0.0
1159,7,32,0.0
1156,7,29,0.0
1155,7,28,0.0
1153,7,26,0.0
1152,7,25,0.0
314,1,153,0.0
342,2,20,0.0
340,2,18,0.0
339,2,17,0.0
337,2,15,0.0
1148,7,21,0.0
1147,7,20,0.0
1176,7,49,0.0
1175,7,48,0.0
1172,7,45,0.0
1171,7,44,0.0
1594,9,145,0.0
1169,7,42,0.0
300,1,139,0.0
299,1,138,0.0
298,1,137,0.0
329,2,7,0.0
328,2,6,0.0
327,2,5,0.0
324,2,2,0.0
322,2,0,0.0
321,1,160,0.0
320,1,159,0.0
25,0,25,0.0
1164,7,37,0.0
1163,7,36,0.0
1162,7,35,0.0
1193,7,66,0.0
1192,7,65,0.0
1191,7,64,0.0
24,0,24,0.0
21,0,21,0.0
1186,7,59,0.0
1185,7,58,0.0
1183,7,56,0.0
1179,7,52,0.0
1209,7,82,0.0
1208,7,81,0.0
1207,7,80,0.0
1203,7,76,0.0
1202,7,75,0.0
1201,7,74,0.0
1200,7,73,0.0
1199,7,72,0.0
285,1,124,0.0
283,1,122,0.0
282,1,121,0.0
309,1,148,0.0
308,1,147,0.0
306,1,145,0.0
20,0,20,0.0
303,1,142,0.0
1196,7,69,0.0
1195,7,68,0.0
1194,7,67,0.0
1224,7,97,0.0
1223,7,96,0.0
1220,7,93,0.0
1219,7,92,0.0
1217,7,90,0.0
1216,7,89,0.0
1215,7,88,0.0
269,1,108,0.0
268,1,107,0.0
267,1,106,0.0
266,1,105,0.0
297,1,136,0.0
294,1,133,0.0
293,1,132,0.0
292,1,131,0.0
291,1,130,0.0
48,0,48,0.0
1212,7,85,0.0
662,4,18,0.0
1210,7,83,0.0
1241,7,114,0.0
1240,7,113,0.0
1239,7,112,0.0
1236,7,109,0.0
1235,7,108,0.0
1233,7,106,0.0
1231,7,104,0.0
5,0,5,0.0
1228,7,101,0.0
1227,7,100,0.0
1256,7,129,0.0
1251,7,124,0.0
1249,7,122,0.0
1248,7,121,0.0
1247,7,120,0.0
253,1,92,0.0
252,1,91,0.0
251,1,90,0.0
250,1,89,0.0
17,0,17,0.0
278,1,117,0.0
277,1,116,0.0
276,1,115,0.0
274,1,113,0.0
273,1,112,0.0
1244,7,117,0.0
16,0,16,0.0
1242,7,115,0.0
1273,7,146,0.0
1272,7,145,0.0
1271,7,144,0.0
15,0,15,0.0
1267,7,140,0.0
1266,7,139,0.0
1265,7,138,0.0
1264,7,137,0.0
1263,7,136,0.0
4,0,4,0.0
237,1,76,0.0
236,1,75,0.0
621,3,138,0.0
234,1,73,0.0
265,1,104,0.0
620,3,137,0.0
261,1,100,0.0
260,1,99,0.0
258,1,97,0.0
257,1,96,0.0
619,3,136,0.0
1259,7,132,0.0
1286,7,159,0.0
1279,7,152,0.0
221,1,60,0.0
220,1,59,0.0
219,1,58,0.0
218,1,57,0.0
249,1,88,0.0
246,1,85,0.0
245,1,84,0.0
244,1,83,0.0
243,1,82,0.0
242,1,81,0.0
241,1,80,0.0
646,4,2,0.0
238,1,77,0.0
1276,7,149,0.0
1274,7,147,0.0
1305,8,17,0.0
642,3,159,0.0
1296,8,8,0.0
665,4,21,0.0
1293,8,5,0.0
664,4,20,0.0
1290,8,2,0.0
1317,8,29,0.0
1316,8,28,0.0
1315,8,27,0.0
1314,8,26,0.0
1313,8,25,0.0
663,4,19,0.0
204,1,43,0.0
203,1,42,0.0
202,1,41,0.0
233,1,72,0.0
37,0,37,0.0
229,1,68,0.0
228,1,67,0.0
227,1,66,0.0
226,1,65,0.0
225,1,64,0.0
222,1,61,0.0
1309,8,21,0.0
661,4,17,0.0
1306,8,18,0.0
1337,8,49,0.0
1336,8,48,0.0
1333,8,45,0.0
1331,8,43,0.0
1330,8,42,0.0
1328,8,40,0.0
1325,8,37,0.0
1324,8,36,0.0
1323,8,35,0.0
1322,8,34,0.0
1353,8,65,0.0
1349,8,61,0.0
1348,8,60,0.0
1347,8,59,0.0
1346,8,58,0.0
1344,8,56,0.0
189,1,28,0.0
188,1,27,0.0
654,4,10,0.0
186,1,25,0.0
217,1,56,0.0
215,1,54,0.0
213,1,52,0.0
212,1,51,0.0
211,1,50,0.0
210,1,49,0.0
209,1,48,0.0
206,1,45,0.0
1340,8,52,0.0
1369,8,81,0.0
1368,8,80,0.0
1367,8,79,0.0
1364,8,76,0.0
1363,8,75,0.0
1362,8,74,0.0
1361,8,73,0.0
172,1,11,0.0
171,1,10,0.0
170,1,9,0.0
201,1,40,0.0
198,1,37,0.0
197,1,36,0.0
196,1,35,0.0
195,1,34,0.0
194,1,33,0.0
193,1,32,0.0
190,1,29,0.0
1357,8,69,0.0
1354,8,66,0.0
1384,8,96,0.0
605,3,122,0.0
1380,8,92,0.0
1379,8,91,0.0
1378,8,90,0.0
1377,8,89,0.0
1376,8,88,0.0
604,3,121,0.0
1372,8,84,0.0
1370,8,82,0.0
1401,8,113,0.0
603,3,120,0.0
633,3,150,0.0
1396,8,108,0.0
1394,8,106,0.0
1393,8,105,0.0
1392,8,104,0.0
1390,8,102,0.0
157,0,157,0.0
632,3,149,0.0
182,1,21,0.0
181,1,20,0.0
180,1,19,0.0
178,1,17,0.0
177,1,16,0.0
630,3,147,0.0
1389,8,101,0.0
1388,8,100,0.0
1387,8,99,0.0
1386,8,98,0.0
1416,8,128,0.0
627,3,144,0.0
1412,8,124,0.0
1410,8,122,0.0
1409,8,121,0.0
1408,8,120,0.0
1407,8,119,0.0
1405,8,117,0.0
1404,8,116,0.0
1403,8,115,0.0
626,3,143,0.0
625,3,142,0.0
624,3,141,0.0
623,3,140,0.0
1429,8,141,0.0
1428,8,140,0.0
1427,8,139,0.0
1426,8,138,0.0
1425,8,137,0.0
1424,8,136,0.0
1423,8,135,0.0
622,3,139,0.0
167,1,6,0.0
166,1,5,0.0
165,1,4,0.0
161,1,0,0.0
160,0,160,0.0
159,0,159,0.0
653,4,9,0.0
153,0,153,0.0
152,0,152,0.0
652,4,8,0.0
149,0,149,0.0
147,0,147,0.0
146,0,146,0.0
145,0,145,0.0
681,4,37,0.0
1420,8,132,0.0
1418,8,130,0.0
680,4,36,0.0
678,4,34,0.0
1441,8,153,0.0
677,4,33,0.0
108,0,108,0.0
676,4,32,0.0
106,0,106,0.0
137,0,137,0.0
136,0,136,0.0
133,0,133,0.0
673,4,29,0.0
131,0,131,0.0
130,0,130,0.0
127,0,127,0.0
1436,8,148,0.0
1435,8,147,0.0
1465,9,16,0.0
1459,9,10,0.0
672,4,28,0.0
1454,9,5,0.0
92,0,92,0.0
91,0,91,0.0
121,0,121,0.0
120,0,120,0.0
671,4,27,0.0
116,0,116,0.0
115,0,115,0.0
114,0,114,0.0
113,0,113,0.0
112,0,112,0.0
1451,9,2,0.0
670,4,26,0.0
1481,9,32,0.0
1478,9,29,0.0
1475,9,26,0.0
669,4,25,0.0
1469,9,20,0.0
1468,9,19,0.0
1467,9,18,0.0
1466,9,17,0.0
668,4,24,0.0
694,4,50,0.0
1493,9,44,0.0
693,4,49,0.0
1491,9,42,0.0
1490,9,41,0.0
1486,9,37,0.0
76,0,76,0.0
75,0,75,0.0
105,0,105,0.0
104,0,104,0.0
101,0,101,0.0
100,0,100,0.0
98,0,98,0.0
97,0,97,0.0
96,0,96,0.0
1484,9,35,0.0
1483,9,34,0.0
1513,9,64,0.0
1509,9,60,0.0
1508,9,59,0.0
692,4,48,0.0
1505,9,56,0.0
1502,9,53,0.0
61,0,61,0.0
60,0,60,0.0
58,0,58,0.0
89,0,89,0.0
88,0,88,0.0
84,0,84,0.0
83,0,83,0.0
82,0,82,0.0
81,0,81,0.0
689,4,45,0.0
1501,9,52,0.0
1499,9,50,0.0
1529,9,80,0.0
1527,9,78,0.0
1526,9,77,0.0
688,4,44,0.0
1524,9,75,0.0
1522,9,73,0.0
1518,9,69,0.0
1517,9,68,0.0
1516,9,67,0.0
1514,9,65,0.0
1545,9,96,0.0
1542,9,93,0.0
1541,9,92,0.0
1540,9,91,0.0
1539,9,90,0.0
1537,9,88,0.0
1534,9,85,0.0
45,0,45,0.0
44,0,44,0.0
43,0,43,0.0
42,0,42,0.0
73,0,73,0.0
72,0,72,0.0
69,0,69,0.0
686,4,42,0.0
685,4,41,0.0
1533,9,84,0.0
1532,9,83,0.0
1530,9,81,0.0
1561,9,112,0.0
1558,9,109,0.0
1555,9,106,0.0
1554,9,105,0.0
1553,9,104,0.0
1550,9,101,0.0
29,0,29,0.0
28,0,28,0.0
27,0,27,0.0
26,0,26,0.0
57,0,57,0.0
56,0,56,0.0
52,0,52,0.0
50,0,50,0.0
713,4,69,0.0
36,0,36,0.0
712,4,68,0.0
1548,9,99,0.0
1547,9,98,0.0
1546,9,97,0.0
1577,9,128,0.0
711,4,67,0.0
1572,9,123,0.0
1571,9,122,0.0
1570,9,121,0.0
1569,9,120,0.0
1566,9,117,0.0
1579,9,130,0.0
41,0,41,0.0
40,0,40,0.0
10,0,10,0.0
18,0,18,0.0
34,0,34,0.0
33,0,33,0.0
32,0,32,0.0
1565,9,116,0.0
1564,9,115,0.0
1563,9,114,0.0
709,4,65,0.0
1602,9,153,0.0
1601,9,152,0.0
1600,9,151,0.0
1598,9,149,0.0
708,4,64,0.0
706,4,62,0.0
1,0,1,0.0
7,0,7,0.0
