Source_File,History_End,Forecast_End,Future_Attack,Future_Attack_Type,Probability,Prediction
Thursday-01-03-2018_TrafficForML_CICFlowMeter.csv,2018-03-01 01:14:00,2018-03-01 01:29:00,0,Benign,0.023577824,0
Thursday-01-03-2018_TrafficForML_CICFlowMeter.csv,2018-03-01 01:15:00,2018-03-01 01:30:00,0,Benign,0.010555891,0
Thursday-01-03-2018_TrafficForML_CICFlowMeter.csv,2018-03-01 01:16:00,2018-03-01 01:31:00,0,Benign,0.0144559825,0
Thursday-01-03-2018_TrafficForML_CICFlowMeter.csv,2018-03-01 01:17:00,2018-03-01 01:32:00,0,Benign,0.02163744,0
Thursday-01-03-2018_TrafficForML_CICFlowMeter.csv,2018-03-01 01:18:00,2018-03-01 01:33:00,0,Benign,0.02933297,0
Thursday-01-03-2018_TrafficForML_CICFlowMeter.csv,2018-03-01 01:19:00,2018-03-01 01:34:00,0,Benign,0.009533736,0
Thursday-01-03-2018_TrafficForML_CICFlowMeter.csv,2018-03-01 01:20:00,2018-03-01 01:35:00,0,Benign,0.012504435,0
Thursday-01-03-2018_TrafficForML_CICFlowMeter.csv,2018-03-01 01:21:00,2018-03-01 01:36:00,0,Benign,0.011509549,0
Thursday-01-03-2018_TrafficForML_CICFlowMeter.csv,2018-03-01 01:22:00,2018-03-01 01:37:00,0,Benign,0.011452526,0
Thursday-01-03-2018_TrafficForML_CICFlowMeter.csv,2018-03-01 01:23:00,2018-03-01 01:38:00,0,Benign,0.005040249,0
Thursday-01-03-2018_TrafficForML_CICFlowMeter.csv,2018-03-01 01:24:00,2018-03-01 01:39:00,0,Benign,0.002087571,0
Thursday-01-03-2018_TrafficForML_CICFlowMeter.csv,2018-03-01 01:25:00,2018-03-01 01:40:00,0,Benign,0.0014809846,0
Thursday-01-03-2018_TrafficForML_CICFlowMeter.csv,2018-03-01 01:26:00,2018-03-01 01:41:00,0,Benign,0.00024834136,0
Thursday-01-03-2018_TrafficForML_CICFlowMeter.csv,2018-03-01 01:27:00,2018-03-01 01:42:00,0,Benign,0.0004915944,0
Thursday-01-03-2018_TrafficForML_CICFlowMeter.csv,2018-03-01 01:28:00,2018-03-01 01:43:00,0,Benign,0.0010068791,0
Thursday-01-03-2018_TrafficForML_CICFlowMeter.csv,2018-03-01 01:29:00,2018-03-01 01:44:00,0,Benign,0.0006403792,0
Thursday-01-03-2018_TrafficForML_CICFlowMeter.csv,2018-03-01 01:30:00,2018-03-01 01:45:00,0,Benign,0.00084899156,0
Thursday-01-03-2018_TrafficForML_CICFlowMeter.csv,2018-03-01 01:31:00,2018-03-01 01:46:00,0,Benign,0.0005465692,0
Thursday-01-03-2018_TrafficForML_CICFlowMeter.csv,2018-03-01 01:32:00,2018-03-01 01:47:00,0,Benign,0.0003818978,0
Thursday-01-03-2018_TrafficForML_CICFlowMeter.csv,2018-03-01 01:33:00,2018-03-01 01:48:00,0,Benign,0.0064575216,0
Thursday-01-03-2018_TrafficForML_CICFlowMeter.csv,2018-03-01 01:34:00,2018-03-01 01:49:00,0,Benign,0.0011555073,0
Thursday-01-03-2018_TrafficForML_CICFlowMeter.csv,2018-03-01 01:35:00,2018-03-01 01:50:00,0,Benign,0.0010770634,0
Thursday-01-03-2018_TrafficForML_CICFlowMeter.csv,2018-03-01 01:36:00,2018-03-01 01:51:00,0,Benign,0.00083166565,0
Thursday-01-03-2018_TrafficForML_CICFlowMeter.csv,2018-03-01 01:37:00,2018-03-01 01:52:00,0,Benign,0.00058600336,0
Thursday-01-03-2018_TrafficForML_CICFlowMeter.csv,2018-03-01 01:38:00,2018-03-01 01:53:00,0,Benign,0.001252468,0
Thursday-01-03-2018_TrafficForML_CICFlowMeter.csv,2018-03-01 01:39:00,2018-03-01 01:54:00,0,Benign,0.0013838968,0
Thursday-01-03-2018_TrafficForML_CICFlowMeter.csv,2018-03-01 01:40:00,2018-03-01 01:55:00,0,Benign,0.0010446575,0
Thursday-01-03-2018_TrafficForML_CICFlowMeter.csv,2018-03-01 01:41:00,2018-03-01 01:56:00,0,Benign,0.0023643654,0
Thursday-01-03-2018_TrafficForML_CICFlowMeter.csv,2018-03-01 01:42:00,2018-03-01 01:57:00,0,Benign,0.001005948,0
Thursday-01-03-2018_TrafficForML_CICFlowMeter.csv,2018-03-01 01:43:00,2018-03-01 01:58:00,0,Benign,0.0026098494,0
Thursday-01-03-2018_TrafficForML_CICFlowMeter.csv,2018-03-01 01:44:00,2018-03-01 01:59:00,0,Benign,0.0014339464,0
Thursday-01-03-2018_TrafficForML_CICFlowMeter.csv,2018-03-01 01:45:00,2018-03-01 02:00:00,1,Infilteration,0.001355596,0
Thursday-01-03-2018_TrafficForML_CICFlowMeter.csv,2018-03-01 01:46:00,2018-03-01 02:01:00,1,Infilteration,0.00083445554,0
Thursday-01-03-2018_TrafficForML_CICFlowMeter.csv,2018-03-01 01:47:00,2018-03-01 02:02:00,1,Infilteration,0.00057169044,0
Thursday-01-03-2018_TrafficForML_CICFlowMeter.csv,2018-03-01 01:48:00,2018-03-01 02:03:00,1,Infilteration,0.0005075575,0
Thursday-01-03-2018_TrafficForML_CICFlowMeter.csv,2018-03-01 01:49:00,2018-03-01 02:04:00,1,Infilteration,0.0005614887,0
Thursday-01-03-2018_TrafficForML_CICFlowMeter.csv,2018-03-01 01:50:00,2018-03-01 02:05:00,1,Infilteration,0.00076107593,0
Thursday-01-03-2018_TrafficForML_CICFlowMeter.csv,2018-03-01 01:51:00,2018-03-01 02:06:00,1,Infilteration,0.0005414457,0
Thursday-01-03-2018_TrafficForML_CICFlowMeter.csv,2018-03-01 01:52:00,2018-03-01 02:07:00,1,Infilteration,0.00064846594,0
Thursday-01-03-2018_TrafficForML_CICFlowMeter.csv,2018-03-01 01:53:00,2018-03-01 02:08:00,1,Infilteration,0.0022598,0
Thursday-01-03-2018_TrafficForML_CICFlowMeter.csv,2018-03-01 01:54:00,2018-03-01 02:09:00,1,Infilteration,0.0031617729,0
Thursday-01-03-2018_TrafficForML_CICFlowMeter.csv,2018-03-01 01:55:00,2018-03-01 02:10:00,1,Infilteration,0.0022241953,0
Thursday-01-03-2018_TrafficForML_CICFlowMeter.csv,2018-03-01 01:56:00,2018-03-01 02:11:00,1,Infilteration,0.0026413552,0
Thursday-01-03-2018_TrafficForML_CICFlowMeter.csv,2018-03-01 01:57:00,2018-03-01 02:12:00,1,Infilteration,0.0020003992,0
Thursday-01-03-2018_TrafficForML_CICFlowMeter.csv,2018-03-01 01:58:00,2018-03-01 02:13:00,1,Infilteration,0.0011266785,0
Thursday-01-03-2018_TrafficForML_CICFlowMeter.csv,2018-03-01 01:59:00,2018-03-01 02:14:00,1,Infilteration,0.0011847009,0
Thursday-01-03-2018_TrafficForML_CICFlowMeter.csv,2018-03-01 02:00:00,2018-03-01 02:15:00,1,Infilteration,0.0009138863,0
Thursday-01-03-2018_TrafficForML_CICFlowMeter.csv,2018-03-01 02:01:00,2018-03-01 02:16:00,1,Infilteration,0.0014789207,0
Thursday-01-03-2018_TrafficForML_CICFlowMeter.csv,2018-03-01 02:02:00,2018-03-01 02:17:00,1,Infilteration,0.0011383253,0
Thursday-01-03-2018_TrafficForML_CICFlowMeter.csv,2018-03-01 02:03:00,2018-03-01 02:18:00,1,Infilteration,0.0017742603,0
Thursday-01-03-2018_TrafficForML_CICFlowMeter.csv,2018-03-01 02:04:00,2018-03-01 02:19:00,1,Infilteration,0.001379371,0
Thursday-01-03-2018_TrafficForML_CICFlowMeter.csv,2018-03-01 02:05:00,2018-03-01 02:20:00,1,Infilteration,0.0011420627,0
Thursday-01-03-2018_TrafficForML_CICFlowMeter.csv,2018-03-01 02:06:00,2018-03-01 02:21:00,1,Infilteration,0.0009748803,0
Thursday-01-03-2018_TrafficForML_CICFlowMeter.csv,2018-03-01 02:07:00,2018-03-01 02:22:00,1,Infilteration,0.0008173313,0
Thursday-01-03-2018_TrafficForML_CICFlowMeter.csv,2018-03-01 02:08:00,2018-03-01 02:23:00,1,Infilteration,0.00053534406,0
Thursday-01-03-2018_TrafficForML_CICFlowMeter.csv,2018-03-01 02:09:00,2018-03-01 02:24:00,1,Infilteration,0.00035830375,0
Thursday-01-03-2018_TrafficForML_CICFlowMeter.csv,2018-03-01 02:10:00,2018-03-01 02:25:00,1,Infilteration,0.0009416995,0
Thursday-01-03-2018_TrafficForML_CICFlowMeter.csv,2018-03-01 02:11:00,2018-03-01 02:26:00,1,Infilteration,0.0012881095,0
Thursday-01-03-2018_TrafficForML_CICFlowMeter.csv,2018-03-01 02:12:00,2018-03-01 02:27:00,1,Infilteration,0.0013028403,0
Thursday-01-03-2018_TrafficForML_CICFlowMeter.csv,2018-03-01 02:13:00,2018-03-01 02:28:00,1,Infilteration,0.0032173316,0
Thursday-01-03-2018_TrafficForML_CICFlowMeter.csv,2018-03-01 02:14:00,2018-03-01 02:29:00,1,Infilteration,0.0038924632,0
Thursday-01-03-2018_TrafficForML_CICFlowMeter.csv,2018-03-01 02:15:00,2018-03-01 02:30:00,1,Infilteration,0.0034647584,0
Thursday-01-03-2018_TrafficForML_CICFlowMeter.csv,2018-03-01 02:16:00,2018-03-01 02:31:00,1,Infilteration,0.005045905,0
Thursday-01-03-2018_TrafficForML_CICFlowMeter.csv,2018-03-01 02:17:00,2018-03-01 02:32:00,1,Infilteration,0.0061555146,0
Thursday-01-03-2018_TrafficForML_CICFlowMeter.csv,2018-03-01 02:18:00,2018-03-01 02:33:00,1,Infilteration,0.009972935,0
Thursday-01-03-2018_TrafficForML_CICFlowMeter.csv,2018-03-01 02:19:00,2018-03-01 02:34:00,1,Infilteration,0.009381611,0
Thursday-01-03-2018_TrafficForML_CICFlowMeter.csv,2018-03-01 02:20:00,2018-03-01 02:35:00,1,Infilteration,0.01210233,0
Thursday-01-03-2018_TrafficForML_CICFlowMeter.csv,2018-03-01 02:21:00,2018-03-01 02:36:00,1,Infilteration,0.00906446,0
Thursday-01-03-2018_TrafficForML_CICFlowMeter.csv,2018-03-01 02:22:00,2018-03-01 02:37:00,1,Infilteration,0.008956978,0
Thursday-01-03-2018_TrafficForML_CICFlowMeter.csv,2018-03-01 02:23:00,2018-03-01 02:38:00,1,Infilteration,0.009404243,0
Thursday-01-03-2018_TrafficForML_CICFlowMeter.csv,2018-03-01 02:24:00,2018-03-01 02:39:00,1,Infilteration,0.02647276,0
Thursday-01-03-2018_TrafficForML_CICFlowMeter.csv,2018-03-01 02:25:00,2018-03-01 02:40:00,1,Infilteration,0.018119987,0
Thursday-01-03-2018_TrafficForML_CICFlowMeter.csv,2018-03-01 02:26:00,2018-03-01 02:41:00,1,Infilteration,0.016062258,0
Thursday-01-03-2018_TrafficForML_CICFlowMeter.csv,2018-03-01 02:27:00,2018-03-01 02:42:00,1,Infilteration,0.014993796,0
Thursday-01-03-2018_TrafficForML_CICFlowMeter.csv,2018-03-01 02:28:00,2018-03-01 02:43:00,1,Infilteration,0.0077133826,0
Thursday-01-03-2018_TrafficForML_CICFlowMeter.csv,2018-03-01 02:29:00,2018-03-01 02:44:00,1,Infilteration,0.012237753,0
Thursday-01-03-2018_TrafficForML_CICFlowMeter.csv,2018-03-01 02:30:00,2018-03-01 02:45:00,1,Infilteration,0.14588295,0
Thursday-01-03-2018_TrafficForML_CICFlowMeter.csv,2018-03-01 02:31:00,2018-03-01 02:46:00,1,Infilteration,0.0189078,0
Thursday-01-03-2018_TrafficForML_CICFlowMeter.csv,2018-03-01 02:32:00,2018-03-01 02:47:00,1,Infilteration,0.01845754,0
Thursday-01-03-2018_TrafficForML_CICFlowMeter.csv,2018-03-01 02:33:00,2018-03-01 02:48:00,1,Infilteration,0.024927525,0
Thursday-01-03-2018_TrafficForML_CICFlowMeter.csv,2018-03-01 02:34:00,2018-03-01 02:49:00,1,Infilteration,0.020038651,0
Thursday-01-03-2018_TrafficForML_CICFlowMeter.csv,2018-03-01 02:35:00,2018-03-01 02:50:00,1,Infilteration,0.14545691,0
Thursday-01-03-2018_TrafficForML_CICFlowMeter.csv,2018-03-01 02:36:00,2018-03-01 02:51:00,1,Infilteration,0.25742137,0
Thursday-01-03-2018_TrafficForML_CICFlowMeter.csv,2018-03-01 02:37:00,2018-03-01 02:52:00,1,Infilteration,0.89687115,1
Thursday-01-03-2018_TrafficForML_CICFlowMeter.csv,2018-03-01 02:38:00,2018-03-01 02:53:00,1,Infilteration,0.28115186,0
Thursday-01-03-2018_TrafficForML_CICFlowMeter.csv,2018-03-01 02:39:00,2018-03-01 02:54:00,1,Infilteration,0.122337446,0
Thursday-01-03-2018_TrafficForML_CICFlowMeter.csv,2018-03-01 02:40:00,2018-03-01 02:55:00,1,Infilteration,0.77570814,1
Thursday-01-03-2018_TrafficForML_CICFlowMeter.csv,2018-03-01 02:41:00,2018-03-01 02:56:00,1,Infilteration,0.10677332,0
Thursday-01-03-2018_TrafficForML_CICFlowMeter.csv,2018-03-01 02:42:00,2018-03-01 02:57:00,1,Infilteration,0.85228175,1
Thursday-01-03-2018_TrafficForML_CICFlowMeter.csv,2018-03-01 02:43:00,2018-03-01 02:58:00,1,Infilteration,0.110887624,0
Thursday-01-03-2018_TrafficForML_CICFlowMeter.csv,2018-03-01 02:44:00,2018-03-01 02:59:00,1,Infilteration,0.037773233,0
Thursday-01-03-2018_TrafficForML_CICFlowMeter.csv,2018-03-01 02:45:00,2018-03-01 03:00:00,1,Infilteration,0.024194447,0
Thursday-01-03-2018_TrafficForML_CICFlowMeter.csv,2018-03-01 02:46:00,2018-03-01 03:01:00,1,Infilteration,0.041259453,0
Thursday-01-03-2018_TrafficForML_CICFlowMeter.csv,2018-03-01 02:47:00,2018-03-01 03:02:00,1,Infilteration,0.0088356715,0
Thursday-01-03-2018_TrafficForML_CICFlowMeter.csv,2018-03-01 02:48:00,2018-03-01 03:03:00,1,Infilteration,0.005498737,0
Thursday-01-03-2018_TrafficForML_CICFlowMeter.csv,2018-03-01 02:49:00,2018-03-01 03:04:00,1,Infilteration,0.0057315775,0
Thursday-01-03-2018_TrafficForML_CICFlowMeter.csv,2018-03-01 02:50:00,2018-03-01 03:05:00,1,Infilteration,0.002932561,0
Thursday-01-03-2018_TrafficForML_CICFlowMeter.csv,2018-03-01 02:51:00,2018-03-01 03:06:00,1,Infilteration,0.0035328048,0
Thursday-01-03-2018_TrafficForML_CICFlowMeter.csv,2018-03-01 02:52:00,2018-03-01 03:07:00,1,Infilteration,0.0023587078,0
Thursday-01-03-2018_TrafficForML_CICFlowMeter.csv,2018-03-01 02:53:00,2018-03-01 03:08:00,1,Infilteration,0.0026801086,0
Thursday-01-03-2018_TrafficForML_CICFlowMeter.csv,2018-03-01 02:54:00,2018-03-01 03:09:00,1,Infilteration,0.0011237132,0
Thursday-01-03-2018_TrafficForML_CICFlowMeter.csv,2018-03-01 02:55:00,2018-03-01 03:10:00,1,Infilteration,0.0017377596,0
Thursday-01-03-2018_TrafficForML_CICFlowMeter.csv,2018-03-01 02:56:00,2018-03-01 03:11:00,1,Infilteration,0.00037140952,0
Thursday-01-03-2018_TrafficForML_CICFlowMeter.csv,2018-03-01 02:57:00,2018-03-01 03:12:00,1,Infilteration,0.00039141142,0
Thursday-01-03-2018_TrafficForML_CICFlowMeter.csv,2018-03-01 02:58:00,2018-03-01 03:13:00,1,Infilteration,0.0007753589,0
Thursday-01-03-2018_TrafficForML_CICFlowMeter.csv,2018-03-01 02:59:00,2018-03-01 03:14:00,1,Infilteration,0.001882409,0
Thursday-01-03-2018_TrafficForML_CICFlowMeter.csv,2018-03-01 03:00:00,2018-03-01 03:15:00,1,Infilteration,0.003403434,0
Thursday-01-03-2018_TrafficForML_CICFlowMeter.csv,2018-03-01 03:01:00,2018-03-01 03:16:00,1,Infilteration,0.002281484,0
Thursday-01-03-2018_TrafficForML_CICFlowMeter.csv,2018-03-01 03:02:00,2018-03-01 03:17:00,1,Infilteration,0.0048325164,0
Thursday-01-03-2018_TrafficForML_CICFlowMeter.csv,2018-03-01 03:03:00,2018-03-01 03:18:00,1,Infilteration,0.008986363,0
Thursday-01-03-2018_TrafficForML_CICFlowMeter.csv,2018-03-01 03:04:00,2018-03-01 03:19:00,1,Infilteration,0.1438238,0
Thursday-01-03-2018_TrafficForML_CICFlowMeter.csv,2018-03-01 03:05:00,2018-03-01 03:20:00,1,Infilteration,0.012031336,0
Thursday-01-03-2018_TrafficForML_CICFlowMeter.csv,2018-03-01 03:06:00,2018-03-01 03:21:00,1,Infilteration,0.010509943,0
Thursday-01-03-2018_TrafficForML_CICFlowMeter.csv,2018-03-01 03:07:00,2018-03-01 03:22:00,1,Infilteration,0.003216278,0
Thursday-01-03-2018_TrafficForML_CICFlowMeter.csv,2018-03-01 03:08:00,2018-03-01 03:23:00,1,Infilteration,0.0017905666,0
Thursday-01-03-2018_TrafficForML_CICFlowMeter.csv,2018-03-01 03:09:00,2018-03-01 03:24:00,1,Infilteration,0.0008409775,0
Thursday-01-03-2018_TrafficForML_CICFlowMeter.csv,2018-03-01 03:10:00,2018-03-01 03:25:00,1,Infilteration,0.0013739871,0
Thursday-01-03-2018_TrafficForML_CICFlowMeter.csv,2018-03-01 03:11:00,2018-03-01 03:26:00,1,Infilteration,0.0016408695,0
Thursday-01-03-2018_TrafficForML_CICFlowMeter.csv,2018-03-01 03:12:00,2018-03-01 03:27:00,1,Infilteration,0.0014242112,0
Thursday-01-03-2018_TrafficForML_CICFlowMeter.csv,2018-03-01 03:13:00,2018-03-01 03:28:00,1,Infilteration,0.0019530654,0
Thursday-01-03-2018_TrafficForML_CICFlowMeter.csv,2018-03-01 03:14:00,2018-03-01 03:29:00,1,Infilteration,0.00090709236,0
Thursday-01-03-2018_TrafficForML_CICFlowMeter.csv,2018-03-01 03:15:00,2018-03-01 03:30:00,1,Infilteration,0.00049603474,0
Thursday-01-03-2018_TrafficForML_CICFlowMeter.csv,2018-03-01 03:16:00,2018-03-01 03:31:00,1,Infilteration,0.00021291069,0
Thursday-01-03-2018_TrafficForML_CICFlowMeter.csv,2018-03-01 03:17:00,2018-03-01 03:32:00,1,Infilteration,0.00035043425,0
Thursday-01-03-2018_TrafficForML_CICFlowMeter.csv,2018-03-01 03:18:00,2018-03-01 03:33:00,1,Infilteration,0.0005078512,0
Thursday-01-03-2018_TrafficForML_CICFlowMeter.csv,2018-03-01 03:19:00,2018-03-01 03:34:00,1,Infilteration,0.00068832265,0
Thursday-01-03-2018_TrafficForML_CICFlowMeter.csv,2018-03-01 03:20:00,2018-03-01 03:35:00,1,Infilteration,0.0019184602,0
Thursday-01-03-2018_TrafficForML_CICFlowMeter.csv,2018-03-01 03:21:00,2018-03-01 03:36:00,1,Infilteration,0.002279828,0
Thursday-01-03-2018_TrafficForML_CICFlowMeter.csv,2018-03-01 03:22:00,2018-03-01 03:37:00,1,Infilteration,0.0016029679,0
Thursday-01-03-2018_TrafficForML_CICFlowMeter.csv,2018-03-01 03:23:00,2018-03-01 03:38:00,1,Infilteration,0.0017703072,0
Thursday-01-03-2018_TrafficForML_CICFlowMeter.csv,2018-03-01 03:24:00,2018-03-01 03:39:00,1,Infilteration,0.001312842,0
Thursday-01-03-2018_TrafficForML_CICFlowMeter.csv,2018-03-01 03:25:00,2018-03-01 03:40:00,1,Infilteration,0.001529476,0
Thursday-01-03-2018_TrafficForML_CICFlowMeter.csv,2018-03-01 03:26:00,2018-03-01 03:41:00,1,Infilteration,0.0022213461,0
Thursday-01-03-2018_TrafficForML_CICFlowMeter.csv,2018-03-01 03:27:00,2018-03-01 03:42:00,1,Infilteration,0.13736762,0
Thursday-01-03-2018_TrafficForML_CICFlowMeter.csv,2018-03-01 03:28:00,2018-03-01 03:43:00,1,Infilteration,0.0043775127,0
Thursday-01-03-2018_TrafficForML_CICFlowMeter.csv,2018-03-01 03:29:00,2018-03-01 03:44:00,1,Infilteration,0.0032377539,0
Thursday-01-03-2018_TrafficForML_CICFlowMeter.csv,2018-03-01 03:30:00,2018-03-01 03:45:00,1,Infilteration,0.00391567,0
Thursday-01-03-2018_TrafficForML_CICFlowMeter.csv,2018-03-01 03:31:00,2018-03-01 03:46:00,1,Infilteration,0.0037170984,0
Thursday-01-03-2018_TrafficForML_CICFlowMeter.csv,2018-03-01 03:32:00,2018-03-01 03:47:00,1,Infilteration,0.003130248,0
Thursday-01-03-2018_TrafficForML_CICFlowMeter.csv,2018-03-01 03:33:00,2018-03-01 03:48:00,1,Infilteration,0.004049206,0
Thursday-01-03-2018_TrafficForML_CICFlowMeter.csv,2018-03-01 03:34:00,2018-03-01 03:49:00,1,Infilteration,0.014989634,0
Thursday-01-03-2018_TrafficForML_CICFlowMeter.csv,2018-03-01 03:35:00,2018-03-01 03:50:00,1,Infilteration,0.013383797,0
Thursday-01-03-2018_TrafficForML_CICFlowMeter.csv,2018-03-01 03:36:00,2018-03-01 03:51:00,0,Benign,0.018110326,0
Thursday-01-03-2018_TrafficForML_CICFlowMeter.csv,2018-03-01 03:37:00,2018-03-01 03:52:00,0,Benign,0.47712025,0
Thursday-01-03-2018_TrafficForML_CICFlowMeter.csv,2018-03-01 03:38:00,2018-03-01 03:53:00,0,Benign,0.008126173,0
Thursday-01-03-2018_TrafficForML_CICFlowMeter.csv,2018-03-01 03:39:00,2018-03-01 03:54:00,0,Benign,0.003603995,0
Thursday-01-03-2018_TrafficForML_CICFlowMeter.csv,2018-03-01 03:40:00,2018-03-01 03:55:00,0,Benign,0.005498096,0
Thursday-01-03-2018_TrafficForML_CICFlowMeter.csv,2018-03-01 03:41:00,2018-03-01 03:56:00,0,Benign,0.0073180175,0
Thursday-01-03-2018_TrafficForML_CICFlowMeter.csv,2018-03-01 03:42:00,2018-03-01 03:57:00,0,Benign,0.0031548415,0
Thursday-01-03-2018_TrafficForML_CICFlowMeter.csv,2018-03-01 03:43:00,2018-03-01 03:58:00,0,Benign,0.0015228109,0
Thursday-01-03-2018_TrafficForML_CICFlowMeter.csv,2018-03-01 03:44:00,2018-03-01 03:59:00,0,Benign,0.00073151523,0
Thursday-01-03-2018_TrafficForML_CICFlowMeter.csv,2018-03-01 03:45:00,2018-03-01 04:00:00,0,Benign,0.00074484054,0
Thursday-01-03-2018_TrafficForML_CICFlowMeter.csv,2018-03-01 03:46:00,2018-03-01 04:01:00,0,Benign,0.0005702162,0
Thursday-01-03-2018_TrafficForML_CICFlowMeter.csv,2018-03-01 03:47:00,2018-03-01 04:02:00,0,Benign,0.00064915325,0
Thursday-01-03-2018_TrafficForML_CICFlowMeter.csv,2018-03-01 03:48:00,2018-03-01 04:03:00,0,Benign,0.0006098194,0
Thursday-01-03-2018_TrafficForML_CICFlowMeter.csv,2018-03-01 03:49:00,2018-03-01 04:04:00,0,Benign,0.004255175,0
Thursday-01-03-2018_TrafficForML_CICFlowMeter.csv,2018-03-01 03:50:00,2018-03-01 04:05:00,0,Benign,0.0006960061,0
Thursday-01-03-2018_TrafficForML_CICFlowMeter.csv,2018-03-01 03:51:00,2018-03-01 04:06:00,0,Benign,0.00043756687,0
Thursday-01-03-2018_TrafficForML_CICFlowMeter.csv,2018-03-01 03:52:00,2018-03-01 04:07:00,0,Benign,0.00023542586,0
Thursday-01-03-2018_TrafficForML_CICFlowMeter.csv,2018-03-01 03:53:00,2018-03-01 04:08:00,0,Benign,0.000739931,0
Thursday-01-03-2018_TrafficForML_CICFlowMeter.csv,2018-03-01 03:54:00,2018-03-01 04:09:00,0,Benign,0.0010824488,0
Thursday-01-03-2018_TrafficForML_CICFlowMeter.csv,2018-03-01 03:55:00,2018-03-01 04:10:00,0,Benign,0.0009732929,0
Thursday-01-03-2018_TrafficForML_CICFlowMeter.csv,2018-03-01 03:56:00,2018-03-01 04:11:00,0,Benign,0.0012324073,0
Thursday-01-03-2018_TrafficForML_CICFlowMeter.csv,2018-03-01 03:57:00,2018-03-01 04:12:00,0,Benign,0.002883031,0
Thursday-01-03-2018_TrafficForML_CICFlowMeter.csv,2018-03-01 03:58:00,2018-03-01 04:13:00,0,Benign,0.003927402,0
Thursday-01-03-2018_TrafficForML_CICFlowMeter.csv,2018-03-01 03:59:00,2018-03-01 04:14:00,0,Benign,0.003375672,0
Thursday-01-03-2018_TrafficForML_CICFlowMeter.csv,2018-03-01 04:00:00,2018-03-01 04:15:00,0,Benign,0.0049965135,0
Thursday-01-03-2018_TrafficForML_CICFlowMeter.csv,2018-03-01 04:01:00,2018-03-01 04:16:00,0,Benign,0.011529524,0
Thursday-01-03-2018_TrafficForML_CICFlowMeter.csv,2018-03-01 04:02:00,2018-03-01 04:17:00,0,Benign,0.025516544,0
Thursday-01-03-2018_TrafficForML_CICFlowMeter.csv,2018-03-01 04:03:00,2018-03-01 04:18:00,0,Benign,0.006415613,0
Thursday-01-03-2018_TrafficForML_CICFlowMeter.csv,2018-03-01 04:04:00,2018-03-01 04:19:00,0,Benign,0.006253936,0
Thursday-01-03-2018_TrafficForML_CICFlowMeter.csv,2018-03-01 04:05:00,2018-03-01 04:20:00,0,Benign,0.0032775716,0
Thursday-01-03-2018_TrafficForML_CICFlowMeter.csv,2018-03-01 04:06:00,2018-03-01 04:21:00,0,Benign,0.002461426,0
Thursday-01-03-2018_TrafficForML_CICFlowMeter.csv,2018-03-01 04:07:00,2018-03-01 04:22:00,0,Benign,0.0013485876,0
Thursday-01-03-2018_TrafficForML_CICFlowMeter.csv,2018-03-01 04:08:00,2018-03-01 04:23:00,0,Benign,0.0068656434,0
Thursday-01-03-2018_TrafficForML_CICFlowMeter.csv,2018-03-01 04:09:00,2018-03-01 04:24:00,0,Benign,0.00117527,0
Thursday-01-03-2018_TrafficForML_CICFlowMeter.csv,2018-03-01 04:10:00,2018-03-01 04:25:00,0,Benign,0.0013787406,0
Thursday-01-03-2018_TrafficForML_CICFlowMeter.csv,2018-03-01 04:11:00,2018-03-01 04:26:00,0,Benign,0.0013049012,0
Thursday-01-03-2018_TrafficForML_CICFlowMeter.csv,2018-03-01 04:12:00,2018-03-01 04:27:00,0,Benign,0.0022265615,0
Thursday-01-03-2018_TrafficForML_CICFlowMeter.csv,2018-03-01 04:13:00,2018-03-01 04:28:00,0,Benign,0.0022688792,0
Thursday-01-03-2018_TrafficForML_CICFlowMeter.csv,2018-03-01 04:14:00,2018-03-01 04:29:00,0,Benign,0.0021912698,0
Thursday-01-03-2018_TrafficForML_CICFlowMeter.csv,2018-03-01 04:15:00,2018-03-01 04:30:00,0,Benign,0.0032410133,0
Thursday-01-03-2018_TrafficForML_CICFlowMeter.csv,2018-03-01 04:16:00,2018-03-01 04:31:00,0,Benign,0.0013522111,0
Thursday-01-03-2018_TrafficForML_CICFlowMeter.csv,2018-03-01 04:17:00,2018-03-01 04:32:00,0,Benign,0.0033263017,0
Thursday-01-03-2018_TrafficForML_CICFlowMeter.csv,2018-03-01 04:18:00,2018-03-01 04:33:00,0,Benign,0.0023169916,0
Thursday-01-03-2018_TrafficForML_CICFlowMeter.csv,2018-03-01 04:19:00,2018-03-01 04:34:00,0,Benign,0.002769518,0
Thursday-01-03-2018_TrafficForML_CICFlowMeter.csv,2018-03-01 04:20:00,2018-03-01 04:35:00,0,Benign,0.0019921428,0
Thursday-01-03-2018_TrafficForML_CICFlowMeter.csv,2018-03-01 04:21:00,2018-03-01 04:36:00,0,Benign,0.0019078527,0
Thursday-01-03-2018_TrafficForML_CICFlowMeter.csv,2018-03-01 04:22:00,2018-03-01 04:37:00,0,Benign,0.00044849108,0
Thursday-01-03-2018_TrafficForML_CICFlowMeter.csv,2018-03-01 04:23:00,2018-03-01 04:38:00,0,Benign,0.000976408,0
Thursday-01-03-2018_TrafficForML_CICFlowMeter.csv,2018-03-01 04:24:00,2018-03-01 04:39:00,0,Benign,0.0060391612,0
Thursday-01-03-2018_TrafficForML_CICFlowMeter.csv,2018-03-01 04:25:00,2018-03-01 04:40:00,0,Benign,0.0008601242,0
Thursday-01-03-2018_TrafficForML_CICFlowMeter.csv,2018-03-01 04:26:00,2018-03-01 04:41:00,0,Benign,0.00063565024,0
Thursday-01-03-2018_TrafficForML_CICFlowMeter.csv,2018-03-01 04:27:00,2018-03-01 04:42:00,0,Benign,0.0010865664,0
Thursday-01-03-2018_TrafficForML_CICFlowMeter.csv,2018-03-01 04:28:00,2018-03-01 04:43:00,0,Benign,0.0011402072,0
Thursday-01-03-2018_TrafficForML_CICFlowMeter.csv,2018-03-01 04:29:00,2018-03-01 04:44:00,0,Benign,0.0018362324,0
Thursday-01-03-2018_TrafficForML_CICFlowMeter.csv,2018-03-01 04:30:00,2018-03-01 04:45:00,0,Benign,0.0015516904,0
Thursday-01-03-2018_TrafficForML_CICFlowMeter.csv,2018-03-01 04:31:00,2018-03-01 04:46:00,0,Benign,0.0022108688,0
Thursday-01-03-2018_TrafficForML_CICFlowMeter.csv,2018-03-01 04:32:00,2018-03-01 04:47:00,0,Benign,0.0027788247,0
Thursday-01-03-2018_TrafficForML_CICFlowMeter.csv,2018-03-01 04:33:00,2018-03-01 04:48:00,0,Benign,0.0009729786,0
Thursday-01-03-2018_TrafficForML_CICFlowMeter.csv,2018-03-01 04:34:00,2018-03-01 04:49:00,0,Benign,0.00048969,0
Thursday-01-03-2018_TrafficForML_CICFlowMeter.csv,2018-03-01 04:35:00,2018-03-01 04:50:00,0,Benign,0.00027021318,0
Thursday-01-03-2018_TrafficForML_CICFlowMeter.csv,2018-03-01 04:36:00,2018-03-01 04:51:00,0,Benign,0.00045295595,0
Thursday-01-03-2018_TrafficForML_CICFlowMeter.csv,2018-03-01 04:37:00,2018-03-01 04:52:00,0,Benign,0.00051727146,0
Thursday-01-03-2018_TrafficForML_CICFlowMeter.csv,2018-03-01 04:38:00,2018-03-01 04:53:00,0,Benign,0.00047297953,0
Thursday-01-03-2018_TrafficForML_CICFlowMeter.csv,2018-03-01 04:39:00,2018-03-01 04:54:00,0,Benign,0.0005270899,0
Thursday-01-03-2018_TrafficForML_CICFlowMeter.csv,2018-03-01 04:40:00,2018-03-01 04:55:00,0,Benign,0.00037330578,0
Thursday-01-03-2018_TrafficForML_CICFlowMeter.csv,2018-03-01 04:41:00,2018-03-01 04:56:00,0,Benign,0.00043369533,0
Thursday-01-03-2018_TrafficForML_CICFlowMeter.csv,2018-03-01 04:42:00,2018-03-01 04:57:00,0,Benign,0.00061786897,0
Thursday-01-03-2018_TrafficForML_CICFlowMeter.csv,2018-03-01 04:43:00,2018-03-01 04:58:00,0,Benign,0.00039686792,0
Thursday-01-03-2018_TrafficForML_CICFlowMeter.csv,2018-03-01 04:44:00,2018-03-01 04:59:00,0,Benign,0.00047743614,0
Thursday-01-03-2018_TrafficForML_CICFlowMeter.csv,2018-03-01 04:45:00,2018-03-01 05:00:00,0,Benign,0.001086249,0
Thursday-01-03-2018_TrafficForML_CICFlowMeter.csv,2018-03-01 04:46:00,2018-03-01 05:01:00,0,Benign,0.0015051184,0
Thursday-01-03-2018_TrafficForML_CICFlowMeter.csv,2018-03-01 04:47:00,2018-03-01 05:02:00,0,Benign,0.0015391111,0
Thursday-01-03-2018_TrafficForML_CICFlowMeter.csv,2018-03-01 04:48:00,2018-03-01 05:03:00,0,Benign,0.0028068065,0
Thursday-01-03-2018_TrafficForML_CICFlowMeter.csv,2018-03-01 04:49:00,2018-03-01 05:04:00,0,Benign,0.0052054827,0
Thursday-01-03-2018_TrafficForML_CICFlowMeter.csv,2018-03-01 04:50:00,2018-03-01 05:05:00,0,Benign,0.0050195754,0
Thursday-01-03-2018_TrafficForML_CICFlowMeter.csv,2018-03-01 04:51:00,2018-03-01 05:06:00,0,Benign,0.002873226,0
Thursday-01-03-2018_TrafficForML_CICFlowMeter.csv,2018-03-01 04:52:00,2018-03-01 05:07:00,0,Benign,0.0018900549,0
Thursday-01-03-2018_TrafficForML_CICFlowMeter.csv,2018-03-01 04:53:00,2018-03-01 05:08:00,0,Benign,0.0016545611,0
Thursday-01-03-2018_TrafficForML_CICFlowMeter.csv,2018-03-01 04:54:00,2018-03-01 05:09:00,0,Benign,0.00088117155,0
Thursday-01-03-2018_TrafficForML_CICFlowMeter.csv,2018-03-01 04:55:00,2018-03-01 05:10:00,0,Benign,0.00135419,0
Thursday-01-03-2018_TrafficForML_CICFlowMeter.csv,2018-03-01 04:56:00,2018-03-01 05:11:00,0,Benign,0.0021776552,0
Thursday-01-03-2018_TrafficForML_CICFlowMeter.csv,2018-03-01 04:57:00,2018-03-01 05:12:00,0,Benign,0.00080687174,0
Thursday-01-03-2018_TrafficForML_CICFlowMeter.csv,2018-03-01 04:58:00,2018-03-01 05:13:00,0,Benign,0.0018493237,0
Thursday-01-03-2018_TrafficForML_CICFlowMeter.csv,2018-03-01 04:59:00,2018-03-01 05:14:00,0,Benign,0.0037385216,0
Thursday-01-03-2018_TrafficForML_CICFlowMeter.csv,2018-03-01 05:00:00,2018-03-01 05:15:00,0,Benign,0.0021750552,0
Thursday-01-03-2018_TrafficForML_CICFlowMeter.csv,2018-03-01 05:01:00,2018-03-01 05:16:00,0,Benign,0.007983953,0
Thursday-01-03-2018_TrafficForML_CICFlowMeter.csv,2018-03-01 05:02:00,2018-03-01 05:17:00,0,Benign,0.004597395,0
Thursday-01-03-2018_TrafficForML_CICFlowMeter.csv,2018-03-01 05:03:00,2018-03-01 05:18:00,0,Benign,0.004962346,0
Thursday-01-03-2018_TrafficForML_CICFlowMeter.csv,2018-03-01 05:04:00,2018-03-01 05:19:00,0,Benign,0.002972923,0
Thursday-01-03-2018_TrafficForML_CICFlowMeter.csv,2018-03-01 05:05:00,2018-03-01 05:20:00,0,Benign,0.005370617,0
Thursday-01-03-2018_TrafficForML_CICFlowMeter.csv,2018-03-01 05:06:00,2018-03-01 05:21:00,0,Benign,0.0016628086,0
Thursday-01-03-2018_TrafficForML_CICFlowMeter.csv,2018-03-01 05:07:00,2018-03-01 05:22:00,0,Benign,0.0011997953,0
Thursday-01-03-2018_TrafficForML_CICFlowMeter.csv,2018-03-01 05:08:00,2018-03-01 05:23:00,0,Benign,0.00047729004,0
Thursday-01-03-2018_TrafficForML_CICFlowMeter.csv,2018-03-01 05:09:00,2018-03-01 05:24:00,0,Benign,0.0003759975,0
Thursday-01-03-2018_TrafficForML_CICFlowMeter.csv,2018-03-01 05:10:00,2018-03-01 05:25:00,0,Benign,0.00044095964,0
Thursday-01-03-2018_TrafficForML_CICFlowMeter.csv,2018-03-01 05:11:00,2018-03-01 05:26:00,0,Benign,0.0006610369,0
Thursday-01-03-2018_TrafficForML_CICFlowMeter.csv,2018-03-01 05:12:00,2018-03-01 05:27:00,0,Benign,0.0016039977,0
Thursday-01-03-2018_TrafficForML_CICFlowMeter.csv,2018-03-01 05:13:00,2018-03-01 05:28:00,0,Benign,0.0024755076,0
Thursday-01-03-2018_TrafficForML_CICFlowMeter.csv,2018-03-01 05:14:00,2018-03-01 05:29:00,0,Benign,0.0015503716,0
Thursday-01-03-2018_TrafficForML_CICFlowMeter.csv,2018-03-01 05:15:00,2018-03-01 05:30:00,0,Benign,0.0030061174,0
Thursday-01-03-2018_TrafficForML_CICFlowMeter.csv,2018-03-01 05:16:00,2018-03-01 05:31:00,0,Benign,0.0034788835,0
Thursday-01-03-2018_TrafficForML_CICFlowMeter.csv,2018-03-01 05:17:00,2018-03-01 05:32:00,0,Benign,0.010010598,0
Thursday-01-03-2018_TrafficForML_CICFlowMeter.csv,2018-03-01 05:18:00,2018-03-01 05:33:00,0,Benign,0.013530321,0
Thursday-01-03-2018_TrafficForML_CICFlowMeter.csv,2018-03-01 05:19:00,2018-03-01 05:34:00,0,Benign,0.022715487,0
Thursday-01-03-2018_TrafficForML_CICFlowMeter.csv,2018-03-01 05:20:00,2018-03-01 05:35:00,0,Benign,0.07502921,0
Thursday-01-03-2018_TrafficForML_CICFlowMeter.csv,2018-03-01 05:21:00,2018-03-01 05:36:00,0,Benign,0.053051256,0
Thursday-01-03-2018_TrafficForML_CICFlowMeter.csv,2018-03-01 05:22:00,2018-03-01 05:37:00,0,Benign,0.047524318,0
Thursday-01-03-2018_TrafficForML_CICFlowMeter.csv,2018-03-01 05:23:00,2018-03-01 05:38:00,0,Benign,0.04075995,0
Thursday-01-03-2018_TrafficForML_CICFlowMeter.csv,2018-03-01 05:24:00,2018-03-01 05:39:00,0,Benign,0.0060146297,0
Thursday-01-03-2018_TrafficForML_CICFlowMeter.csv,2018-03-01 05:25:00,2018-03-01 05:40:00,0,Benign,0.001249294,0
Thursday-01-03-2018_TrafficForML_CICFlowMeter.csv,2018-03-01 05:26:00,2018-03-01 05:41:00,0,Benign,0.00080095016,0
Thursday-01-03-2018_TrafficForML_CICFlowMeter.csv,2018-03-01 05:27:00,2018-03-01 05:42:00,0,Benign,0.0007098578,0
Thursday-01-03-2018_TrafficForML_CICFlowMeter.csv,2018-03-01 05:28:00,2018-03-01 05:43:00,0,Benign,0.00059102266,0
Thursday-01-03-2018_TrafficForML_CICFlowMeter.csv,2018-03-01 05:29:00,2018-03-01 05:44:00,0,Benign,0.0007806977,0
Thursday-01-03-2018_TrafficForML_CICFlowMeter.csv,2018-03-01 05:30:00,2018-03-01 05:45:00,0,Benign,0.0010395651,0
Thursday-01-03-2018_TrafficForML_CICFlowMeter.csv,2018-03-01 05:31:00,2018-03-01 05:46:00,0,Benign,0.0018448506,0
Thursday-01-03-2018_TrafficForML_CICFlowMeter.csv,2018-03-01 08:25:00,2018-03-01 08:40:00,0,Benign,0.10924956,0
Thursday-01-03-2018_TrafficForML_CICFlowMeter.csv,2018-03-01 08:26:00,2018-03-01 08:41:00,0,Benign,0.012294641,0
Thursday-01-03-2018_TrafficForML_CICFlowMeter.csv,2018-03-01 08:27:00,2018-03-01 08:42:00,0,Benign,0.009869086,0
Thursday-01-03-2018_TrafficForML_CICFlowMeter.csv,2018-03-01 08:28:00,2018-03-01 08:43:00,0,Benign,0.0019783126,0
Thursday-01-03-2018_TrafficForML_CICFlowMeter.csv,2018-03-01 08:29:00,2018-03-01 08:44:00,0,Benign,0.00084199663,0
Thursday-01-03-2018_TrafficForML_CICFlowMeter.csv,2018-03-01 08:30:00,2018-03-01 08:45:00,0,Benign,0.00044677104,0
Thursday-01-03-2018_TrafficForML_CICFlowMeter.csv,2018-03-01 08:31:00,2018-03-01 08:46:00,0,Benign,0.0014980714,0
Thursday-01-03-2018_TrafficForML_CICFlowMeter.csv,2018-03-01 08:32:00,2018-03-01 08:47:00,0,Benign,0.0020764768,0
Thursday-01-03-2018_TrafficForML_CICFlowMeter.csv,2018-03-01 08:33:00,2018-03-01 08:48:00,0,Benign,0.0032332283,0
Thursday-01-03-2018_TrafficForML_CICFlowMeter.csv,2018-03-01 08:34:00,2018-03-01 08:49:00,0,Benign,0.0035283256,0
Thursday-01-03-2018_TrafficForML_CICFlowMeter.csv,2018-03-01 08:35:00,2018-03-01 08:50:00,0,Benign,0.0039229295,0
Thursday-01-03-2018_TrafficForML_CICFlowMeter.csv,2018-03-01 08:36:00,2018-03-01 08:51:00,0,Benign,0.002003276,0
Thursday-01-03-2018_TrafficForML_CICFlowMeter.csv,2018-03-01 08:37:00,2018-03-01 08:52:00,0,Benign,0.002846092,0
Thursday-01-03-2018_TrafficForML_CICFlowMeter.csv,2018-03-01 08:38:00,2018-03-01 08:53:00,0,Benign,0.0041279695,0
Thursday-01-03-2018_TrafficForML_CICFlowMeter.csv,2018-03-01 08:39:00,2018-03-01 08:54:00,0,Benign,0.0035751604,0
Thursday-01-03-2018_TrafficForML_CICFlowMeter.csv,2018-03-01 08:40:00,2018-03-01 08:55:00,0,Benign,0.004350789,0
Thursday-01-03-2018_TrafficForML_CICFlowMeter.csv,2018-03-01 08:41:00,2018-03-01 08:56:00,0,Benign,0.0013494465,0
Thursday-01-03-2018_TrafficForML_CICFlowMeter.csv,2018-03-01 08:42:00,2018-03-01 08:57:00,0,Benign,0.0031907947,0
Thursday-01-03-2018_TrafficForML_CICFlowMeter.csv,2018-03-01 08:43:00,2018-03-01 08:58:00,0,Benign,0.0020342497,0
Thursday-01-03-2018_TrafficForML_CICFlowMeter.csv,2018-03-01 08:44:00,2018-03-01 08:59:00,0,Benign,0.006654026,0
Thursday-01-03-2018_TrafficForML_CICFlowMeter.csv,2018-03-01 08:45:00,2018-03-01 09:00:00,0,Benign,0.005302509,0
Thursday-01-03-2018_TrafficForML_CICFlowMeter.csv,2018-03-01 08:46:00,2018-03-01 09:01:00,0,Benign,0.004294271,0
Thursday-01-03-2018_TrafficForML_CICFlowMeter.csv,2018-03-01 08:47:00,2018-03-01 09:02:00,0,Benign,0.0016648655,0
Thursday-01-03-2018_TrafficForML_CICFlowMeter.csv,2018-03-01 08:48:00,2018-03-01 09:03:00,0,Benign,0.00044069908,0
Thursday-01-03-2018_TrafficForML_CICFlowMeter.csv,2018-03-01 08:49:00,2018-03-01 09:04:00,0,Benign,0.0007601167,0
Thursday-01-03-2018_TrafficForML_CICFlowMeter.csv,2018-03-01 08:50:00,2018-03-01 09:05:00,0,Benign,0.0012087018,0
Thursday-01-03-2018_TrafficForML_CICFlowMeter.csv,2018-03-01 08:51:00,2018-03-01 09:06:00,0,Benign,0.0025498243,0
Thursday-01-03-2018_TrafficForML_CICFlowMeter.csv,2018-03-01 08:52:00,2018-03-01 09:07:00,0,Benign,0.0035292257,0
Thursday-01-03-2018_TrafficForML_CICFlowMeter.csv,2018-03-01 08:53:00,2018-03-01 09:08:00,0,Benign,0.0060752155,0
Thursday-01-03-2018_TrafficForML_CICFlowMeter.csv,2018-03-01 08:54:00,2018-03-01 09:09:00,0,Benign,0.009262267,0
Thursday-01-03-2018_TrafficForML_CICFlowMeter.csv,2018-03-01 08:55:00,2018-03-01 09:10:00,0,Benign,0.014314191,0
Thursday-01-03-2018_TrafficForML_CICFlowMeter.csv,2018-03-01 08:56:00,2018-03-01 09:11:00,0,Benign,0.01427533,0
Thursday-01-03-2018_TrafficForML_CICFlowMeter.csv,2018-03-01 08:57:00,2018-03-01 09:12:00,0,Benign,0.006144053,0
Thursday-01-03-2018_TrafficForML_CICFlowMeter.csv,2018-03-01 08:58:00,2018-03-01 09:13:00,0,Benign,0.0049443576,0
Thursday-01-03-2018_TrafficForML_CICFlowMeter.csv,2018-03-01 08:59:00,2018-03-01 09:14:00,0,Benign,0.0045500644,0
Thursday-01-03-2018_TrafficForML_CICFlowMeter.csv,2018-03-01 09:00:00,2018-03-01 09:15:00,0,Benign,0.002759716,0
Thursday-01-03-2018_TrafficForML_CICFlowMeter.csv,2018-03-01 09:01:00,2018-03-01 09:16:00,0,Benign,0.003713276,0
Thursday-01-03-2018_TrafficForML_CICFlowMeter.csv,2018-03-01 09:02:00,2018-03-01 09:17:00,0,Benign,0.003138532,0
Thursday-01-03-2018_TrafficForML_CICFlowMeter.csv,2018-03-01 09:03:00,2018-03-01 09:18:00,0,Benign,0.005071794,0
Thursday-01-03-2018_TrafficForML_CICFlowMeter.csv,2018-03-01 09:04:00,2018-03-01 09:19:00,0,Benign,0.002911637,0
Thursday-01-03-2018_TrafficForML_CICFlowMeter.csv,2018-03-01 09:05:00,2018-03-01 09:20:00,0,Benign,0.004117726,0
Thursday-01-03-2018_TrafficForML_CICFlowMeter.csv,2018-03-01 09:06:00,2018-03-01 09:21:00,0,Benign,0.0041681677,0
Thursday-01-03-2018_TrafficForML_CICFlowMeter.csv,2018-03-01 09:07:00,2018-03-01 09:22:00,0,Benign,0.005885531,0
Thursday-01-03-2018_TrafficForML_CICFlowMeter.csv,2018-03-01 09:08:00,2018-03-01 09:23:00,0,Benign,0.0018051888,0
Thursday-01-03-2018_TrafficForML_CICFlowMeter.csv,2018-03-01 09:09:00,2018-03-01 09:24:00,0,Benign,0.0021969425,0
Thursday-01-03-2018_TrafficForML_CICFlowMeter.csv,2018-03-01 09:10:00,2018-03-01 09:25:00,0,Benign,0.003550474,0
Thursday-01-03-2018_TrafficForML_CICFlowMeter.csv,2018-03-01 09:11:00,2018-03-01 09:26:00,0,Benign,0.0063868957,0
Thursday-01-03-2018_TrafficForML_CICFlowMeter.csv,2018-03-01 09:12:00,2018-03-01 09:27:00,0,Benign,0.0045300657,0
Thursday-01-03-2018_TrafficForML_CICFlowMeter.csv,2018-03-01 09:13:00,2018-03-01 09:28:00,0,Benign,0.002221414,0
Thursday-01-03-2018_TrafficForML_CICFlowMeter.csv,2018-03-01 09:14:00,2018-03-01 09:29:00,0,Benign,0.0009573632,0
Thursday-01-03-2018_TrafficForML_CICFlowMeter.csv,2018-03-01 09:15:00,2018-03-01 09:30:00,0,Benign,0.0006969725,0
Thursday-01-03-2018_TrafficForML_CICFlowMeter.csv,2018-03-01 09:16:00,2018-03-01 09:31:00,0,Benign,0.00065909466,0
Thursday-01-03-2018_TrafficForML_CICFlowMeter.csv,2018-03-01 09:17:00,2018-03-01 09:32:00,0,Benign,0.001101566,0
Thursday-01-03-2018_TrafficForML_CICFlowMeter.csv,2018-03-01 09:18:00,2018-03-01 09:33:00,0,Benign,0.0011598809,0
Thursday-01-03-2018_TrafficForML_CICFlowMeter.csv,2018-03-01 09:19:00,2018-03-01 09:34:00,0,Benign,0.0025551333,0
Thursday-01-03-2018_TrafficForML_CICFlowMeter.csv,2018-03-01 09:20:00,2018-03-01 09:35:00,0,Benign,0.004002855,0
Thursday-01-03-2018_TrafficForML_CICFlowMeter.csv,2018-03-01 09:21:00,2018-03-01 09:36:00,0,Benign,0.008759359,0
Thursday-01-03-2018_TrafficForML_CICFlowMeter.csv,2018-03-01 09:22:00,2018-03-01 09:37:00,0,Benign,0.0043104435,0
Thursday-01-03-2018_TrafficForML_CICFlowMeter.csv,2018-03-01 09:23:00,2018-03-01 09:38:00,0,Benign,0.0039780396,0
Thursday-01-03-2018_TrafficForML_CICFlowMeter.csv,2018-03-01 09:24:00,2018-03-01 09:39:00,0,Benign,0.010072756,0
Thursday-01-03-2018_TrafficForML_CICFlowMeter.csv,2018-03-01 09:25:00,2018-03-01 09:40:00,0,Benign,0.0033535364,0
Thursday-01-03-2018_TrafficForML_CICFlowMeter.csv,2018-03-01 09:26:00,2018-03-01 09:41:00,0,Benign,0.00090650184,0
Thursday-01-03-2018_TrafficForML_CICFlowMeter.csv,2018-03-01 09:27:00,2018-03-01 09:42:00,0,Benign,0.0012128946,0
Thursday-01-03-2018_TrafficForML_CICFlowMeter.csv,2018-03-01 09:28:00,2018-03-01 09:43:00,0,Benign,0.0017122232,0
Thursday-01-03-2018_TrafficForML_CICFlowMeter.csv,2018-03-01 09:29:00,2018-03-01 09:44:00,0,Benign,0.004950642,0
Thursday-01-03-2018_TrafficForML_CICFlowMeter.csv,2018-03-01 09:30:00,2018-03-01 09:45:00,0,Benign,0.0035732344,0
Thursday-01-03-2018_TrafficForML_CICFlowMeter.csv,2018-03-01 09:31:00,2018-03-01 09:46:00,0,Benign,0.0033087975,0
Thursday-01-03-2018_TrafficForML_CICFlowMeter.csv,2018-03-01 09:32:00,2018-03-01 09:47:00,0,Benign,0.0022317276,0
Thursday-01-03-2018_TrafficForML_CICFlowMeter.csv,2018-03-01 09:33:00,2018-03-01 09:48:00,0,Benign,0.0024532322,0
Thursday-01-03-2018_TrafficForML_CICFlowMeter.csv,2018-03-01 09:34:00,2018-03-01 09:49:00,0,Benign,0.003822295,0
Thursday-01-03-2018_TrafficForML_CICFlowMeter.csv,2018-03-01 09:35:00,2018-03-01 09:50:00,0,Benign,0.0024800568,0
Thursday-01-03-2018_TrafficForML_CICFlowMeter.csv,2018-03-01 09:36:00,2018-03-01 09:51:00,0,Benign,0.003782578,0
Thursday-01-03-2018_TrafficForML_CICFlowMeter.csv,2018-03-01 09:37:00,2018-03-01 09:52:00,0,Benign,0.0042319614,0
Thursday-01-03-2018_TrafficForML_CICFlowMeter.csv,2018-03-01 09:38:00,2018-03-01 09:53:00,0,Benign,0.0016549203,0
Thursday-01-03-2018_TrafficForML_CICFlowMeter.csv,2018-03-01 09:39:00,2018-03-01 09:54:00,0,Benign,0.0014334708,0
Thursday-01-03-2018_TrafficForML_CICFlowMeter.csv,2018-03-01 09:40:00,2018-03-01 09:55:00,0,Benign,0.00060623896,0
Thursday-01-03-2018_TrafficForML_CICFlowMeter.csv,2018-03-01 09:41:00,2018-03-01 09:56:00,0,Benign,0.00057532056,0
Thursday-01-03-2018_TrafficForML_CICFlowMeter.csv,2018-03-01 09:42:00,2018-03-01 09:57:00,1,Infilteration,0.00058755896,0
Thursday-01-03-2018_TrafficForML_CICFlowMeter.csv,2018-03-01 09:43:00,2018-03-01 09:58:00,1,Infilteration,0.0025828811,0
Thursday-01-03-2018_TrafficForML_CICFlowMeter.csv,2018-03-01 09:44:00,2018-03-01 09:59:00,1,Infilteration,0.001200715,0
Thursday-01-03-2018_TrafficForML_CICFlowMeter.csv,2018-03-01 09:45:00,2018-03-01 10:00:00,1,Infilteration,0.0011935522,0
Thursday-01-03-2018_TrafficForML_CICFlowMeter.csv,2018-03-01 09:46:00,2018-03-01 10:01:00,1,Infilteration,0.00293599,0
Thursday-01-03-2018_TrafficForML_CICFlowMeter.csv,2018-03-01 09:47:00,2018-03-01 10:02:00,1,Infilteration,0.011216693,0
Thursday-01-03-2018_TrafficForML_CICFlowMeter.csv,2018-03-01 09:48:00,2018-03-01 10:03:00,1,Infilteration,0.02503075,0
Thursday-01-03-2018_TrafficForML_CICFlowMeter.csv,2018-03-01 09:49:00,2018-03-01 10:04:00,1,Infilteration,0.017486423,0
Thursday-01-03-2018_TrafficForML_CICFlowMeter.csv,2018-03-01 09:50:00,2018-03-01 10:05:00,1,Infilteration,0.01416769,0
Thursday-01-03-2018_TrafficForML_CICFlowMeter.csv,2018-03-01 09:51:00,2018-03-01 10:06:00,1,Infilteration,0.014092291,0
Thursday-01-03-2018_TrafficForML_CICFlowMeter.csv,2018-03-01 09:52:00,2018-03-01 10:07:00,1,Infilteration,0.01893025,0
Thursday-01-03-2018_TrafficForML_CICFlowMeter.csv,2018-03-01 09:53:00,2018-03-01 10:08:00,1,Infilteration,0.0028342379,0
Thursday-01-03-2018_TrafficForML_CICFlowMeter.csv,2018-03-01 09:54:00,2018-03-01 10:09:00,1,Infilteration,0.0032078733,0
Thursday-01-03-2018_TrafficForML_CICFlowMeter.csv,2018-03-01 09:55:00,2018-03-01 10:10:00,1,Infilteration,0.0020880387,0
Thursday-01-03-2018_TrafficForML_CICFlowMeter.csv,2018-03-01 09:56:00,2018-03-01 10:11:00,1,Infilteration,0.0026003553,0
Thursday-01-03-2018_TrafficForML_CICFlowMeter.csv,2018-03-01 09:57:00,2018-03-01 10:12:00,1,Infilteration,0.0022200975,0
Thursday-01-03-2018_TrafficForML_CICFlowMeter.csv,2018-03-01 09:58:00,2018-03-01 10:13:00,1,Infilteration,0.0028017927,0
Thursday-01-03-2018_TrafficForML_CICFlowMeter.csv,2018-03-01 09:59:00,2018-03-01 10:14:00,1,Infilteration,0.003371419,0
Thursday-01-03-2018_TrafficForML_CICFlowMeter.csv,2018-03-01 10:00:00,2018-03-01 10:15:00,1,Infilteration,0.0010898759,0
Thursday-01-03-2018_TrafficForML_CICFlowMeter.csv,2018-03-01 10:01:00,2018-03-01 10:16:00,1,Infilteration,0.0070600705,0
Thursday-01-03-2018_TrafficForML_CICFlowMeter.csv,2018-03-01 10:02:00,2018-03-01 10:17:00,1,Infilteration,0.011371986,0
Thursday-01-03-2018_TrafficForML_CICFlowMeter.csv,2018-03-01 10:03:00,2018-03-01 10:18:00,1,Infilteration,0.02062173,0
Thursday-01-03-2018_TrafficForML_CICFlowMeter.csv,2018-03-01 10:04:00,2018-03-01 10:19:00,1,Infilteration,0.03389231,0
Thursday-01-03-2018_TrafficForML_CICFlowMeter.csv,2018-03-01 10:05:00,2018-03-01 10:20:00,1,Infilteration,0.011509153,0
Thursday-01-03-2018_TrafficForML_CICFlowMeter.csv,2018-03-01 10:06:00,2018-03-01 10:21:00,1,Infilteration,0.007941855,0
Thursday-01-03-2018_TrafficForML_CICFlowMeter.csv,2018-03-01 10:07:00,2018-03-01 10:22:00,1,Infilteration,0.0022829399,0
Thursday-01-03-2018_TrafficForML_CICFlowMeter.csv,2018-03-01 10:08:00,2018-03-01 10:23:00,1,Infilteration,0.017580919,0
Thursday-01-03-2018_TrafficForML_CICFlowMeter.csv,2018-03-01 10:09:00,2018-03-01 10:24:00,1,Infilteration,0.0027859292,0
Thursday-01-03-2018_TrafficForML_CICFlowMeter.csv,2018-03-01 10:10:00,2018-03-01 10:25:00,1,Infilteration,0.009869962,0
Thursday-01-03-2018_TrafficForML_CICFlowMeter.csv,2018-03-01 10:11:00,2018-03-01 10:26:00,1,Infilteration,0.01595183,0
Thursday-01-03-2018_TrafficForML_CICFlowMeter.csv,2018-03-01 10:12:00,2018-03-01 10:27:00,1,Infilteration,0.019748507,0
Thursday-01-03-2018_TrafficForML_CICFlowMeter.csv,2018-03-01 10:13:00,2018-03-01 10:28:00,1,Infilteration,0.021861125,0
Thursday-01-03-2018_TrafficForML_CICFlowMeter.csv,2018-03-01 10:14:00,2018-03-01 10:29:00,1,Infilteration,0.3168037,0
Thursday-01-03-2018_TrafficForML_CICFlowMeter.csv,2018-03-01 10:15:00,2018-03-01 10:30:00,1,Infilteration,0.09547752,0
Thursday-01-03-2018_TrafficForML_CICFlowMeter.csv,2018-03-01 10:16:00,2018-03-01 10:31:00,1,Infilteration,0.1585775,0
Thursday-01-03-2018_TrafficForML_CICFlowMeter.csv,2018-03-01 10:17:00,2018-03-01 10:32:00,1,Infilteration,0.10463384,0
Thursday-01-03-2018_TrafficForML_CICFlowMeter.csv,2018-03-01 10:18:00,2018-03-01 10:33:00,1,Infilteration,0.179281,0
Thursday-01-03-2018_TrafficForML_CICFlowMeter.csv,2018-03-01 10:19:00,2018-03-01 10:34:00,1,Infilteration,0.18816194,0
Thursday-01-03-2018_TrafficForML_CICFlowMeter.csv,2018-03-01 10:20:00,2018-03-01 10:35:00,1,Infilteration,0.22570495,0
Thursday-01-03-2018_TrafficForML_CICFlowMeter.csv,2018-03-01 10:21:00,2018-03-01 10:36:00,1,Infilteration,0.11803394,0
Thursday-01-03-2018_TrafficForML_CICFlowMeter.csv,2018-03-01 10:22:00,2018-03-01 10:37:00,1,Infilteration,0.62521815,1
Thursday-01-03-2018_TrafficForML_CICFlowMeter.csv,2018-03-01 10:23:00,2018-03-01 10:38:00,1,Infilteration,0.012395478,0
Thursday-01-03-2018_TrafficForML_CICFlowMeter.csv,2018-03-01 10:24:00,2018-03-01 10:39:00,1,Infilteration,0.69311243,1
Thursday-01-03-2018_TrafficForML_CICFlowMeter.csv,2018-03-01 10:25:00,2018-03-01 10:40:00,1,Infilteration,0.04775187,0
Thursday-01-03-2018_TrafficForML_CICFlowMeter.csv,2018-03-01 10:26:00,2018-03-01 10:41:00,1,Infilteration,0.02967695,0
Thursday-01-03-2018_TrafficForML_CICFlowMeter.csv,2018-03-01 10:27:00,2018-03-01 10:42:00,1,Infilteration,0.79588807,1
Thursday-01-03-2018_TrafficForML_CICFlowMeter.csv,2018-03-01 10:28:00,2018-03-01 10:43:00,1,Infilteration,0.120357975,0
Thursday-01-03-2018_TrafficForML_CICFlowMeter.csv,2018-03-01 10:29:00,2018-03-01 10:44:00,1,Infilteration,0.12732054,0
Thursday-01-03-2018_TrafficForML_CICFlowMeter.csv,2018-03-01 10:30:00,2018-03-01 10:45:00,1,Infilteration,0.09797454,0
Thursday-01-03-2018_TrafficForML_CICFlowMeter.csv,2018-03-01 10:31:00,2018-03-01 10:46:00,1,Infilteration,0.029712487,0
Thursday-01-03-2018_TrafficForML_CICFlowMeter.csv,2018-03-01 10:32:00,2018-03-01 10:47:00,1,Infilteration,0.023093523,0
Thursday-01-03-2018_TrafficForML_CICFlowMeter.csv,2018-03-01 10:33:00,2018-03-01 10:48:00,1,Infilteration,0.01571263,0
Thursday-01-03-2018_TrafficForML_CICFlowMeter.csv,2018-03-01 10:34:00,2018-03-01 10:49:00,1,Infilteration,0.0068981294,0
Thursday-01-03-2018_TrafficForML_CICFlowMeter.csv,2018-03-01 10:35:00,2018-03-01 10:50:00,1,Infilteration,0.012862264,0
Thursday-01-03-2018_TrafficForML_CICFlowMeter.csv,2018-03-01 10:36:00,2018-03-01 10:51:00,1,Infilteration,0.008596345,0
Thursday-01-03-2018_TrafficForML_CICFlowMeter.csv,2018-03-01 10:37:00,2018-03-01 10:52:00,1,Infilteration,0.0077928705,0
Thursday-01-03-2018_TrafficForML_CICFlowMeter.csv,2018-03-01 10:38:00,2018-03-01 10:53:00,1,Infilteration,0.005479703,0
Thursday-01-03-2018_TrafficForML_CICFlowMeter.csv,2018-03-01 10:39:00,2018-03-01 10:54:00,1,Infilteration,0.0056259977,0
Thursday-01-03-2018_TrafficForML_CICFlowMeter.csv,2018-03-01 10:40:00,2018-03-01 10:55:00,1,Infilteration,0.33031422,0
Thursday-01-03-2018_TrafficForML_CICFlowMeter.csv,2018-03-01 10:41:00,2018-03-01 10:56:00,1,Infilteration,0.088973,0
Thursday-01-03-2018_TrafficForML_CICFlowMeter.csv,2018-03-01 10:42:00,2018-03-01 10:57:00,1,Infilteration,0.17928416,0
Thursday-01-03-2018_TrafficForML_CICFlowMeter.csv,2018-03-01 10:43:00,2018-03-01 10:58:00,1,Infilteration,0.11284855,0
Thursday-01-03-2018_TrafficForML_CICFlowMeter.csv,2018-03-01 10:44:00,2018-03-01 10:59:00,1,Infilteration,0.31923774,0
Thursday-01-03-2018_TrafficForML_CICFlowMeter.csv,2018-03-01 10:45:00,2018-03-01 11:00:00,1,Infilteration,0.2562763,0
Thursday-01-03-2018_TrafficForML_CICFlowMeter.csv,2018-03-01 10:46:00,2018-03-01 11:01:00,1,Infilteration,0.36108443,0
Thursday-01-03-2018_TrafficForML_CICFlowMeter.csv,2018-03-01 10:47:00,2018-03-01 11:02:00,1,Infilteration,0.90719664,1
Thursday-01-03-2018_TrafficForML_CICFlowMeter.csv,2018-03-01 10:48:00,2018-03-01 11:03:00,1,Infilteration,0.23330432,0
Thursday-01-03-2018_TrafficForML_CICFlowMeter.csv,2018-03-01 10:49:00,2018-03-01 11:04:00,1,Infilteration,0.9110274,1
Thursday-01-03-2018_TrafficForML_CICFlowMeter.csv,2018-03-01 10:50:00,2018-03-01 11:05:00,1,Infilteration,0.19669682,0
Thursday-01-03-2018_TrafficForML_CICFlowMeter.csv,2018-03-01 10:51:00,2018-03-01 11:06:00,1,Infilteration,0.87052166,1
Thursday-01-03-2018_TrafficForML_CICFlowMeter.csv,2018-03-01 10:52:00,2018-03-01 11:07:00,1,Infilteration,0.92377454,1
Thursday-01-03-2018_TrafficForML_CICFlowMeter.csv,2018-03-01 10:53:00,2018-03-01 11:08:00,1,Infilteration,0.1294062,0
Thursday-01-03-2018_TrafficForML_CICFlowMeter.csv,2018-03-01 10:54:00,2018-03-01 11:09:00,0,Benign,0.07099485,0
Thursday-01-03-2018_TrafficForML_CICFlowMeter.csv,2018-03-01 10:55:00,2018-03-01 11:10:00,0,Benign,0.1427047,0
Thursday-01-03-2018_TrafficForML_CICFlowMeter.csv,2018-03-01 10:56:00,2018-03-01 11:11:00,0,Benign,0.028127657,0
Thursday-01-03-2018_TrafficForML_CICFlowMeter.csv,2018-03-01 10:57:00,2018-03-01 11:12:00,0,Benign,0.06514372,0
Thursday-01-03-2018_TrafficForML_CICFlowMeter.csv,2018-03-01 10:58:00,2018-03-01 11:13:00,0,Benign,0.07736759,0
Thursday-01-03-2018_TrafficForML_CICFlowMeter.csv,2018-03-01 10:59:00,2018-03-01 11:14:00,0,Benign,0.015561996,0
Thursday-01-03-2018_TrafficForML_CICFlowMeter.csv,2018-03-01 11:00:00,2018-03-01 11:15:00,0,Benign,0.019371478,0
Thursday-01-03-2018_TrafficForML_CICFlowMeter.csv,2018-03-01 11:01:00,2018-03-01 11:16:00,0,Benign,0.0040359166,0
Thursday-01-03-2018_TrafficForML_CICFlowMeter.csv,2018-03-01 11:02:00,2018-03-01 11:17:00,0,Benign,0.0039238874,0
Thursday-01-03-2018_TrafficForML_CICFlowMeter.csv,2018-03-01 11:03:00,2018-03-01 11:18:00,0,Benign,0.005014784,0
Thursday-01-03-2018_TrafficForML_CICFlowMeter.csv,2018-03-01 11:04:00,2018-03-01 11:19:00,0,Benign,0.0037644908,0
Thursday-01-03-2018_TrafficForML_CICFlowMeter.csv,2018-03-01 11:05:00,2018-03-01 11:20:00,0,Benign,0.0053539635,0
Thursday-01-03-2018_TrafficForML_CICFlowMeter.csv,2018-03-01 11:06:00,2018-03-01 11:21:00,0,Benign,0.001927861,0
Thursday-01-03-2018_TrafficForML_CICFlowMeter.csv,2018-03-01 11:07:00,2018-03-01 11:22:00,0,Benign,0.0019021074,0
Thursday-01-03-2018_TrafficForML_CICFlowMeter.csv,2018-03-01 11:08:00,2018-03-01 11:23:00,0,Benign,0.0024680428,0
Thursday-01-03-2018_TrafficForML_CICFlowMeter.csv,2018-03-01 11:09:00,2018-03-01 11:24:00,0,Benign,0.002668261,0
Thursday-01-03-2018_TrafficForML_CICFlowMeter.csv,2018-03-01 11:10:00,2018-03-01 11:25:00,0,Benign,0.0016765161,0
Thursday-01-03-2018_TrafficForML_CICFlowMeter.csv,2018-03-01 11:11:00,2018-03-01 11:26:00,0,Benign,0.003017321,0
Thursday-01-03-2018_TrafficForML_CICFlowMeter.csv,2018-03-01 11:12:00,2018-03-01 11:27:00,0,Benign,0.0032041583,0
Thursday-01-03-2018_TrafficForML_CICFlowMeter.csv,2018-03-01 11:13:00,2018-03-01 11:28:00,0,Benign,0.0040257326,0
Thursday-01-03-2018_TrafficForML_CICFlowMeter.csv,2018-03-01 11:14:00,2018-03-01 11:29:00,0,Benign,0.0060935267,0
Thursday-01-03-2018_TrafficForML_CICFlowMeter.csv,2018-03-01 11:15:00,2018-03-01 11:30:00,0,Benign,0.0046517663,0
Thursday-01-03-2018_TrafficForML_CICFlowMeter.csv,2018-03-01 11:16:00,2018-03-01 11:31:00,0,Benign,0.0051739714,0
Thursday-01-03-2018_TrafficForML_CICFlowMeter.csv,2018-03-01 11:17:00,2018-03-01 11:32:00,0,Benign,0.0072954185,0
Thursday-01-03-2018_TrafficForML_CICFlowMeter.csv,2018-03-01 11:18:00,2018-03-01 11:33:00,0,Benign,0.006342193,0
Thursday-01-03-2018_TrafficForML_CICFlowMeter.csv,2018-03-01 11:19:00,2018-03-01 11:34:00,0,Benign,0.0064702453,0
Thursday-01-03-2018_TrafficForML_CICFlowMeter.csv,2018-03-01 11:20:00,2018-03-01 11:35:00,0,Benign,0.00911154,0
Thursday-01-03-2018_TrafficForML_CICFlowMeter.csv,2018-03-01 11:21:00,2018-03-01 11:36:00,0,Benign,0.0028421353,0
Thursday-01-03-2018_TrafficForML_CICFlowMeter.csv,2018-03-01 11:22:00,2018-03-01 11:37:00,0,Benign,0.0017893448,0
Thursday-01-03-2018_TrafficForML_CICFlowMeter.csv,2018-03-01 11:23:00,2018-03-01 11:38:00,0,Benign,0.001837367,0
Thursday-01-03-2018_TrafficForML_CICFlowMeter.csv,2018-03-01 11:24:00,2018-03-01 11:39:00,0,Benign,0.002785467,0
Thursday-01-03-2018_TrafficForML_CICFlowMeter.csv,2018-03-01 11:25:00,2018-03-01 11:40:00,0,Benign,0.007225061,0
Thursday-01-03-2018_TrafficForML_CICFlowMeter.csv,2018-03-01 11:26:00,2018-03-01 11:41:00,0,Benign,0.009523538,0
Thursday-01-03-2018_TrafficForML_CICFlowMeter.csv,2018-03-01 11:27:00,2018-03-01 11:42:00,0,Benign,0.0072974525,0
Thursday-01-03-2018_TrafficForML_CICFlowMeter.csv,2018-03-01 11:28:00,2018-03-01 11:43:00,0,Benign,0.0055065807,0
Thursday-01-03-2018_TrafficForML_CICFlowMeter.csv,2018-03-01 11:29:00,2018-03-01 11:44:00,0,Benign,0.0040881573,0
Thursday-01-03-2018_TrafficForML_CICFlowMeter.csv,2018-03-01 11:30:00,2018-03-01 11:45:00,0,Benign,0.00550455,0
Thursday-01-03-2018_TrafficForML_CICFlowMeter.csv,2018-03-01 11:31:00,2018-03-01 11:46:00,0,Benign,0.0057537425,0
Thursday-01-03-2018_TrafficForML_CICFlowMeter.csv,2018-03-01 11:32:00,2018-03-01 11:47:00,0,Benign,0.010381978,0
Thursday-01-03-2018_TrafficForML_CICFlowMeter.csv,2018-03-01 11:33:00,2018-03-01 11:48:00,0,Benign,0.027145246,0
Thursday-01-03-2018_TrafficForML_CICFlowMeter.csv,2018-03-01 11:34:00,2018-03-01 11:49:00,0,Benign,0.021383118,0
Thursday-01-03-2018_TrafficForML_CICFlowMeter.csv,2018-03-01 11:35:00,2018-03-01 11:50:00,0,Benign,0.027715053,0
Thursday-01-03-2018_TrafficForML_CICFlowMeter.csv,2018-03-01 11:36:00,2018-03-01 11:51:00,0,Benign,0.04300598,0
Thursday-01-03-2018_TrafficForML_CICFlowMeter.csv,2018-03-01 11:37:00,2018-03-01 11:52:00,0,Benign,0.009867689,0
Thursday-01-03-2018_TrafficForML_CICFlowMeter.csv,2018-03-01 11:38:00,2018-03-01 11:53:00,0,Benign,0.008243649,0
Thursday-01-03-2018_TrafficForML_CICFlowMeter.csv,2018-03-01 11:39:00,2018-03-01 11:54:00,0,Benign,0.0025783314,0
Thursday-01-03-2018_TrafficForML_CICFlowMeter.csv,2018-03-01 11:40:00,2018-03-01 11:55:00,0,Benign,0.0014274891,0
Thursday-01-03-2018_TrafficForML_CICFlowMeter.csv,2018-03-01 11:41:00,2018-03-01 11:56:00,0,Benign,0.0043615415,0
Thursday-01-03-2018_TrafficForML_CICFlowMeter.csv,2018-03-01 11:42:00,2018-03-01 11:57:00,0,Benign,0.004273716,0
Thursday-01-03-2018_TrafficForML_CICFlowMeter.csv,2018-03-01 11:43:00,2018-03-01 11:58:00,0,Benign,0.0061552906,0
Thursday-01-03-2018_TrafficForML_CICFlowMeter.csv,2018-03-01 11:44:00,2018-03-01 11:59:00,0,Benign,0.004787586,0
Thursday-01-03-2018_TrafficForML_CICFlowMeter.csv,2018-03-01 11:45:00,2018-03-01 12:00:00,0,Benign,0.004384582,0
Thursday-01-03-2018_TrafficForML_CICFlowMeter.csv,2018-03-01 11:46:00,2018-03-01 12:01:00,0,Benign,0.0043968596,0
Thursday-01-03-2018_TrafficForML_CICFlowMeter.csv,2018-03-01 11:47:00,2018-03-01 12:02:00,0,Benign,0.0107190255,0
Thursday-01-03-2018_TrafficForML_CICFlowMeter.csv,2018-03-01 11:48:00,2018-03-01 12:03:00,0,Benign,0.019444965,0
Thursday-01-03-2018_TrafficForML_CICFlowMeter.csv,2018-03-01 11:49:00,2018-03-01 12:04:00,0,Benign,0.029703923,0
Thursday-01-03-2018_TrafficForML_CICFlowMeter.csv,2018-03-01 11:50:00,2018-03-01 12:05:00,0,Benign,0.010628276,0
Thursday-01-03-2018_TrafficForML_CICFlowMeter.csv,2018-03-01 11:51:00,2018-03-01 12:06:00,0,Benign,0.01096258,0
Thursday-01-03-2018_TrafficForML_CICFlowMeter.csv,2018-03-01 11:52:00,2018-03-01 12:07:00,0,Benign,0.0065116785,0
Thursday-01-03-2018_TrafficForML_CICFlowMeter.csv,2018-03-01 11:53:00,2018-03-01 12:08:00,0,Benign,0.0011201943,0
Thursday-01-03-2018_TrafficForML_CICFlowMeter.csv,2018-03-01 11:54:00,2018-03-01 12:09:00,0,Benign,0.0016000073,0
Thursday-01-03-2018_TrafficForML_CICFlowMeter.csv,2018-03-01 11:55:00,2018-03-01 12:10:00,0,Benign,0.0004994053,0
Thursday-01-03-2018_TrafficForML_CICFlowMeter.csv,2018-03-01 11:56:00,2018-03-01 12:11:00,0,Benign,0.00079102936,0
Thursday-01-03-2018_TrafficForML_CICFlowMeter.csv,2018-03-01 11:57:00,2018-03-01 12:12:00,0,Benign,0.0015154724,0
Thursday-01-03-2018_TrafficForML_CICFlowMeter.csv,2018-03-01 11:58:00,2018-03-01 12:13:00,0,Benign,0.0021742792,0
Thursday-01-03-2018_TrafficForML_CICFlowMeter.csv,2018-03-01 11:59:00,2018-03-01 12:14:00,0,Benign,0.0016525413,0
Thursday-01-03-2018_TrafficForML_CICFlowMeter.csv,2018-03-01 12:00:00,2018-03-01 12:15:00,0,Benign,0.0052941376,0
Thursday-01-03-2018_TrafficForML_CICFlowMeter.csv,2018-03-01 12:01:00,2018-03-01 12:16:00,0,Benign,0.0072695157,0
Thursday-01-03-2018_TrafficForML_CICFlowMeter.csv,2018-03-01 12:02:00,2018-03-01 12:17:00,0,Benign,0.0043019056,0
Thursday-01-03-2018_TrafficForML_CICFlowMeter.csv,2018-03-01 12:03:00,2018-03-01 12:18:00,0,Benign,0.0047904383,0
Thursday-01-03-2018_TrafficForML_CICFlowMeter.csv,2018-03-01 12:04:00,2018-03-01 12:19:00,0,Benign,0.00885373,0
Thursday-01-03-2018_TrafficForML_CICFlowMeter.csv,2018-03-01 12:05:00,2018-03-01 12:20:00,0,Benign,0.007990466,0
Thursday-01-03-2018_TrafficForML_CICFlowMeter.csv,2018-03-01 12:06:00,2018-03-01 12:21:00,0,Benign,0.014917703,0
Thursday-01-03-2018_TrafficForML_CICFlowMeter.csv,2018-03-01 12:07:00,2018-03-01 12:22:00,0,Benign,0.0063344,0
Thursday-01-03-2018_TrafficForML_CICFlowMeter.csv,2018-03-01 12:08:00,2018-03-01 12:23:00,0,Benign,0.010531203,0
Thursday-01-03-2018_TrafficForML_CICFlowMeter.csv,2018-03-01 12:09:00,2018-03-01 12:24:00,0,Benign,0.005505725,0
Thursday-01-03-2018_TrafficForML_CICFlowMeter.csv,2018-03-01 12:10:00,2018-03-01 12:25:00,0,Benign,0.022254398,0
Thursday-01-03-2018_TrafficForML_CICFlowMeter.csv,2018-03-01 12:11:00,2018-03-01 12:26:00,0,Benign,0.017301222,0
Thursday-01-03-2018_TrafficForML_CICFlowMeter.csv,2018-03-01 12:12:00,2018-03-01 12:27:00,0,Benign,0.024087213,0
Thursday-01-03-2018_TrafficForML_CICFlowMeter.csv,2018-03-01 12:13:00,2018-03-01 12:28:00,0,Benign,0.020600867,0
Thursday-01-03-2018_TrafficForML_CICFlowMeter.csv,2018-03-01 12:14:00,2018-03-01 12:29:00,0,Benign,0.011451969,0
Thursday-01-03-2018_TrafficForML_CICFlowMeter.csv,2018-03-01 12:15:00,2018-03-01 12:30:00,0,Benign,0.0016867346,0
Thursday-01-03-2018_TrafficForML_CICFlowMeter.csv,2018-03-01 12:16:00,2018-03-01 12:31:00,0,Benign,0.0029319574,0
Thursday-01-03-2018_TrafficForML_CICFlowMeter.csv,2018-03-01 12:17:00,2018-03-01 12:32:00,0,Benign,0.0029727437,0
Thursday-01-03-2018_TrafficForML_CICFlowMeter.csv,2018-03-01 12:18:00,2018-03-01 12:33:00,0,Benign,0.0058954377,0
Thursday-01-03-2018_TrafficForML_CICFlowMeter.csv,2018-03-01 12:19:00,2018-03-01 12:34:00,0,Benign,0.0026360506,0
Thursday-01-03-2018_TrafficForML_CICFlowMeter.csv,2018-03-01 12:20:00,2018-03-01 12:35:00,0,Benign,0.0015850541,0
Thursday-01-03-2018_TrafficForML_CICFlowMeter.csv,2018-03-01 12:21:00,2018-03-01 12:36:00,0,Benign,0.0017212655,0
Thursday-01-03-2018_TrafficForML_CICFlowMeter.csv,2018-03-01 12:22:00,2018-03-01 12:37:00,0,Benign,0.0013175424,0
Thursday-01-03-2018_TrafficForML_CICFlowMeter.csv,2018-03-01 12:23:00,2018-03-01 12:38:00,0,Benign,0.0011407465,0
Thursday-01-03-2018_TrafficForML_CICFlowMeter.csv,2018-03-01 12:24:00,2018-03-01 12:39:00,0,Benign,0.0014583583,0
Thursday-01-03-2018_TrafficForML_CICFlowMeter.csv,2018-03-01 12:25:00,2018-03-01 12:40:00,0,Benign,0.00070399727,0
Thursday-01-03-2018_TrafficForML_CICFlowMeter.csv,2018-03-01 12:26:00,2018-03-01 12:41:00,0,Benign,0.00028308632,0
Thursday-01-03-2018_TrafficForML_CICFlowMeter.csv,2018-03-01 12:27:00,2018-03-01 12:42:00,0,Benign,0.0003744649,0
Thursday-01-03-2018_TrafficForML_CICFlowMeter.csv,2018-03-01 12:28:00,2018-03-01 12:43:00,0,Benign,0.0008316732,0
Thursday-01-03-2018_TrafficForML_CICFlowMeter.csv,2018-03-01 12:29:00,2018-03-01 12:44:00,0,Benign,0.001443639,0
Thursday-01-03-2018_TrafficForML_CICFlowMeter.csv,2018-03-01 12:30:00,2018-03-01 12:45:00,0,Benign,0.0010785891,0
Thursday-01-03-2018_TrafficForML_CICFlowMeter.csv,2018-03-01 12:31:00,2018-03-01 12:46:00,0,Benign,0.0009162159,0
Thursday-01-03-2018_TrafficForML_CICFlowMeter.csv,2018-03-01 12:32:00,2018-03-01 12:47:00,0,Benign,0.00074536237,0
Thursday-01-03-2018_TrafficForML_CICFlowMeter.csv,2018-03-01 12:33:00,2018-03-01 12:48:00,0,Benign,0.003069402,0
Thursday-01-03-2018_TrafficForML_CICFlowMeter.csv,2018-03-01 12:34:00,2018-03-01 12:49:00,0,Benign,0.0033161824,0
Thursday-01-03-2018_TrafficForML_CICFlowMeter.csv,2018-03-01 12:35:00,2018-03-01 12:50:00,0,Benign,0.002310748,0
Thursday-01-03-2018_TrafficForML_CICFlowMeter.csv,2018-03-01 12:36:00,2018-03-01 12:51:00,0,Benign,0.00067864824,0
Thursday-01-03-2018_TrafficForML_CICFlowMeter.csv,2018-03-01 12:37:00,2018-03-01 12:52:00,0,Benign,0.0009554056,0
Thursday-01-03-2018_TrafficForML_CICFlowMeter.csv,2018-03-01 12:38:00,2018-03-01 12:53:00,0,Benign,0.0019223987,0
Thursday-01-03-2018_TrafficForML_CICFlowMeter.csv,2018-03-01 12:39:00,2018-03-01 12:54:00,0,Benign,0.0032172564,0
Thursday-01-03-2018_TrafficForML_CICFlowMeter.csv,2018-03-01 12:40:00,2018-03-01 12:55:00,0,Benign,0.0019099215,0
Thursday-01-03-2018_TrafficForML_CICFlowMeter.csv,2018-03-01 12:41:00,2018-03-01 12:56:00,0,Benign,0.0050875405,0
Thursday-01-03-2018_TrafficForML_CICFlowMeter.csv,2018-03-01 12:42:00,2018-03-01 12:57:00,0,Benign,0.0071257865,0
Thursday-01-03-2018_TrafficForML_CICFlowMeter.csv,2018-03-01 12:43:00,2018-03-01 12:58:00,0,Benign,0.0037970862,0
Thursday-01-03-2018_TrafficForML_CICFlowMeter.csv,2018-03-01 12:44:00,2018-03-01 12:59:00,0,Benign,0.0026728357,0
Thursday-01-03-2018_TrafficForML_CICFlowMeter.csv,2018-03-01 12:45:00,2018-03-01 13:00:00,0,Benign,0.00095956813,0
