Timestep,Feature,Importance
9,PSH_Count_RollingMean5,0.07026654
10,PSH_Count_RollingMean5,0.06808487
10,Avg_Flow_Duration_RollingMean5,0.025160825
8,Avg_Bwd_Packets_RollingMean5,0.022345975
10,RST_Count_RollingMean5,0.021267684
6,PSH_Count_RollingMean5,0.017342923
9,Avg_Flow_Duration_RollingMean5,0.015915789
9,Avg_Bwd_Packets_Per_Second,0.013474053
9,RST_Count_RollingMean5,0.013159943
10,PSH_Count,0.012336479
4,PSH_Count_RollingMean5,0.011831116
7,RST_Per_Flow,0.0114056375
10,RST_Count,0.01039127
10,ACK_Count_RollingMean5,0.010216754
8,Avg_Flow_Duration_RollingMean5,0.01009764
10,Avg_Bwd_Packets_Per_Second,0.010039995
7,RST_Count_ZScore5,0.009141059
10,Flow_Count_Diff1,0.00855601
7,Avg_Flow_Duration_RollingMean5,0.008072552
5,Flow_Count_RollingMean5,0.0075118127
9,RST_Count,0.007510212
5,Avg_Flow_Duration_RollingMean5,0.007468629
5,Avg_Bwd_Packets_RollingMean5,0.007433867
8,Flow_Count_RollingStd5,0.0070764455
2,Avg_Bytes_Per_Second_RollingStd5,0.0067765866
10,Avg_Flow_Duration_RollingStd5,0.006380553
10,Avg_Packet_Length,0.0063477126
8,Avg_Packet_Length_RollingMean5,0.0062629576
7,RST_Count,0.0060850778
8,Unique_Destination_Ports_RollingStd5,0.006060179
9,PSH_Count,0.005966404
2,Avg_Packet_Length_RollingMean5,0.005825832
2,RST_Per_Flow,0.00572115
7,ACK_Count_RollingStd5,0.0055187824
2,Avg_Bwd_Packets_RollingMean5,0.005487415
9,Flow_Count_Diff1,0.0054674763
10,Avg_Flow_Duration,0.005455729
6,Unique_Destination_Ports_RollingMean5,0.005416236
8,Avg_Bwd_Packets_Per_Second_RollingMean5,0.005300297
10,Flow_Count_RollingStd5,0.0051766257
3,Avg_Fwd_Packets_RollingStd5,0.005085363
5,PSH_Count_RollingMean5,0.005084305
7,Avg_Flow_Duration_RollingStd5,0.004883777
5,Avg_Packets_Per_Second_RollingMean5,0.004823515
6,Avg_Fwd_Packets_Per_Second_RollingStd5,0.0047662766
8,Avg_Bwd_Packets_Per_Second,0.004651318
9,Flow_Count_RollingStd5,0.0045833536
7,Flow_Count_RollingStd5,0.0045362553
4,Avg_Bwd_Packets_RollingMean5,0.0045334073
9,Avg_Bwd_Packets_RollingStd5,0.0043787546
10,ACK_Count,0.004364331
5,Avg_Fwd_Packets_Per_Second_RollingStd5,0.0043026973
3,Avg_Packets_Per_Second_RollingMean5,0.00414334
1,Avg_Bwd_Packets_RollingMean5,0.0041267513
1,Avg_Packets_Per_Second_RollingMean5,0.0041208426
8,RST_Count,0.00411099
3,RST_Per_Flow,0.004078837
3,Avg_Bwd_Packets_RollingMean5,0.0040783444
8,PSH_Count_RollingMean5,0.0040096533
8,RST_Per_Flow,0.003955924
2,Avg_Packets_Per_Second_RollingMean5,0.0038392758
7,PSH_Count_RollingMean5,0.0037979847
1,Unique_Destination_Ports_RollingStd5,0.0037943877
1,PSH_Count,0.0037907697
6,Avg_Fwd_Bytes_PctChange1,0.0036362472
5,Avg_Bwd_Packets_Per_Second_RollingMean5,0.0036099697
1,ACK_Count_RollingStd5,0.0035907954
8,Unique_Destination_Ports_RollingMean5,0.003562631
6,Avg_Packets_Per_Second_RollingMean5,0.0035596418
9,Avg_Packet_Length_RollingMean5,0.0034852412
10,ACK_Count_PctChange5,0.0034549597
6,ACK_Count,0.0034162186
7,Avg_Bwd_Packets_RollingMean5,0.003364353
3,ACK_Count,0.0033286926
10,Avg_Fwd_Bytes_ZScore5,0.0033047851
1,Avg_Flow_Duration_RollingStd5,0.0032823766
10,Avg_Packet_Length_RollingMean5,0.0032673425
2,Avg_Fwd_Packets_RollingMean5,0.003191044
1,Avg_Bytes_Per_Second_RollingMean5,0.0031776028
10,Avg_Bwd_Packets_Per_Second_RollingMean5,0.003143357
3,Avg_Fwd_Packets_Per_Second_RollingStd5,0.0031363668
1,Avg_Flow_Duration_RollingMean5,0.0031146156
2,Avg_Bytes_Per_Second_RollingMean5,0.0030619013
8,Flow_Count_Diff1,0.003035852
7,Avg_Packets_Per_Second_RollingMean5,0.0030308513
10,Avg_Fwd_Packets_RollingStd5,0.0029699283
3,Avg_Packet_Length_RollingMean5,0.0028944258
6,Avg_Bytes_Per_Second_RollingMean5,0.0028545468
10,ACK_Count_Slope5,0.0028414994
8,Avg_Bwd_Packets_RollingStd5,0.0028388882
1,Avg_Fwd_Packets_RollingMean5,0.0028172603
5,Avg_Fwd_Packets_RollingMean5,0.0027979768
5,ACK_Count_RollingStd5,0.0027304117
4,Avg_Bwd_Packets_Per_Second_RollingMean5,0.0027005223
6,Avg_Bwd_Packets_Per_Second_RollingMean5,0.0025696147
7,Avg_Fwd_Packets_Per_Second_RollingMean5,0.0024827197
6,Avg_Fwd_Packets_RollingMean5,0.0024161101
7,Avg_Packets_Per_Second,0.0024047343
9,Avg_Flow_Duration_RollingStd5,0.0023864016
10,RST_Per_Flow,0.002370181
9,RST_Per_Flow,0.0023384779
8,Avg_Fwd_Packets_Per_Second_RollingMean5,0.0023219986
6,Avg_Fwd_Bytes_RollingStd5,0.00230359
9,Unique_Destination_Ports_RollingStd5,0.0022620552
3,Flow_Count_RollingMean5,0.0021984144
1,Avg_Bwd_Packets_RollingStd5,0.0021878483
4,Flow_Count_RollingStd5,0.0021859715
3,Avg_Bytes_Per_Second_RollingMean5,0.002174652
8,Avg_Fwd_Packets_RollingStd5,0.0021739188
3,Avg_Fwd_Packets_RollingMean5,0.0021572378
1,RST_Per_Flow,0.0021353792
3,Avg_Bwd_Packets,0.0021321615
6,Avg_Flow_Duration_RollingMean5,0.0020856415
10,Avg_Fwd_Bytes_Slope5,0.0020775516
7,Avg_Bwd_Packets_Per_Second_RollingMean5,0.0020536198
5,Unique_Destination_Ports_RollingStd5,0.0020327023
5,Avg_Fwd_Packets_Per_Second_RollingMean5,0.0019805958
10,Avg_Flow_Duration_Slope5,0.00196961
9,Avg_Fwd_Bytes_ZScore5,0.0019597858
9,Avg_Bytes_Per_Second_RollingStd5,0.0019564668
10,Avg_Bytes_Per_Second_RollingStd5,0.0019547418
10,Avg_Packet_Length_Std_RollingStd5,0.00194495
6,Avg_Packet_Length_Std_RollingMean5,0.0019414397
1,Avg_Fwd_Packets_Per_Second_RollingStd5,0.0018871538
2,Avg_Fwd_Packets_Per_Second_RollingStd5,0.001880168
6,Flow_Count_RollingStd5,0.0018569804
8,RST_Count_PctChange5,0.0018523496
9,SYN_Count_RollingStd5,0.0018014602
4,Avg_Fwd_Bytes_RollingMean5,0.0017976189
10,SYN_Count_RollingMean5,0.0017970977
8,Avg_Fwd_Packets_Per_Second_Diff5,0.001780479
3,Avg_Packet_Length_Std_RollingMean5,0.001778024
4,ACK_Per_Flow,0.0017771989
4,PSH_Count,0.0017522819
8,RST_Count_Slope5,0.001745653
3,Avg_Flow_Duration_RollingMean5,0.0017377496
1,Avg_Bwd_Bytes_PctChange5,0.0017376349
1,SYN_Count_RollingStd5,0.0017358464
5,Avg_Bwd_Bytes_RollingStd5,0.0017088642
1,Flow_Count_RollingMean5,0.001677968
10,Avg_Packet_Length_Diff5,0.0016775355
3,Avg_Bwd_Bytes_RollingMean5,0.0016713183
5,Avg_Bytes_Per_Second_RollingStd5,0.0016661679
8,SYN_Count_RollingMean5,0.0016637517
6,ACK_Count_Diff5,0.0016527441
6,Avg_Packet_Length_RollingStd5,0.0016238843
4,Avg_Bytes_Per_Second_RollingMean5,0.0016214207
2,Ports_Per_Flow,0.0016070958
9,ACK_Count_RollingStd5,0.0015826097
4,Avg_Flow_Duration_RollingMean5,0.0015636595
4,Avg_Fwd_Packets_Per_Second_RollingMean5,0.0015526615
4,Avg_Fwd_Packets_Per_Second_RollingStd5,0.0015465542
7,Avg_Bytes_Per_Second_RollingMean5,0.0015225357
7,Avg_Bytes_Per_Second_RollingStd5,0.0015121495
6,Avg_Packets_Per_Second_RollingStd5,0.0015089309
8,RST_Count_Diff5,0.0015038562
10,Avg_Packet_Length_Std_RollingMean5,0.0014790023
9,PSH_Count_Slope5,0.0014657552
7,Avg_Packets_Per_Second_RollingStd5,0.0014458543
4,Avg_Fwd_Packets_RollingMean5,0.0014356594
6,Avg_Bwd_Packets_RollingMean5,0.001435174
4,ACK_Count_RollingStd5,0.0014252628
1,Avg_Packet_Length_Std_Diff5,0.0014224137
10,Avg_Packet_Length_Std_Diff5,0.001421943
8,SYN_Count_RollingStd5,0.0014187989
2,ACK_Count_RollingStd5,0.0014047541
8,PSH_Count,0.0013974619
1,Avg_Bwd_Bytes_RollingMean5,0.0013967216
10,SYN_Count_Slope5,0.0013821829
3,Avg_Packet_Length_RollingStd5,0.0013651852
8,RST_Count_ZScore5,0.0013547548
7,RST_Count_Diff5,0.0013498385
9,Avg_Bwd_Packets_RollingMean5,0.0013478464
3,Avg_Fwd_Packets_Per_Second_RollingMean5,0.0013375647
9,SYN_Count_RollingMean5,0.0013332407
9,Avg_Bwd_Bytes_RollingMean5,0.0013169313
9,Avg_Packet_Length_Std,0.0013142949
10,RST_Count_RollingStd5,0.0012827648
9,Avg_Packet_Length_Std_RollingStd5,0.0012652365
10,Avg_Bwd_Packets,0.0012619667
1,Avg_Packet_Length_Std_RollingStd5,0.0012495901
8,Avg_Bytes_Per_Second_RollingMean5,0.0012494412
10,Avg_Packets_Per_Second,0.0012271057
8,Ports_Per_Flow,0.0012236396
10,PSH_Count_PctChange5,0.0012228162
9,RST_Count_PctChange5,0.0012136755
8,Avg_Packet_Length_Std,0.0012011941
10,Avg_Bwd_Bytes_RollingStd5,0.0012003051
2,Avg_Bwd_Bytes_PctChange1,0.0011979857
8,SYN_Per_Flow,0.0011957549
7,Avg_Fwd_Bytes_RollingStd5,0.0011930723
1,Avg_Packet_Length_Diff1,0.0011908842
7,Ports_Per_Flow,0.0011837136
2,PSH_Count_Slope5,0.0011831375
2,Avg_Packet_Length_Std_RollingStd5,0.0011733667
9,Avg_Bytes_Per_Second_RollingMean5,0.001145206
5,Flow_Count_RollingStd5,0.001143105
5,Avg_Bwd_Packets_Per_Second,0.0011389646
3,SYN_Count_ZScore5,0.0011258407
4,Avg_Bwd_Packets,0.001100611
6,SYN_Count_RollingMean5,0.0010919002
6,RST_Count_PctChange1,0.0010796777
10,Avg_Fwd_Packets_RollingMean5,0.001072923
2,Avg_Fwd_Packets_Per_Second_RollingMean5,0.00106914
7,Avg_Fwd_Bytes_Diff5,0.0010682316
3,Avg_Fwd_Bytes_RollingMean5,0.0010648563
7,SYN_Count_RollingStd5,0.001063138
9,SYN_Count_Slope5,0.0010562874
2,Flow_Count_RollingStd5,0.0010540164
10,Avg_Bytes_Per_Second_RollingMean5,0.0010401851
10,Avg_Bwd_Packets_RollingStd5,0.0010357237
8,ACK_Count_RollingStd5,0.0010288033
7,ACK_Count_RollingMean5,0.0010266062
5,Avg_Bytes_Per_Second_RollingMean5,0.0010164349
3,Avg_Fwd_Packets_ZScore5,0.0010099848
8,SYN_Count_Diff5,0.0010042478
2,ACK_Count_RollingMean5,0.000994816
10,Unique_Destination_Ports_Diff5,0.0009921145
9,Avg_Fwd_Packets,0.0009819054
10,Avg_Fwd_Packets_Per_Second_RollingStd5,0.0009811973
6,Unique_Destination_Ports_Slope5,0.0009783847
3,Avg_Bwd_Packets_Per_Second_RollingStd5,0.0009765814
5,Avg_Bwd_Bytes_RollingMean5,0.0009686422
9,SYN_Count_PctChange5,0.0009581745
7,Avg_Bwd_Packets_RollingStd5,0.0009442322
6,RST_Count_Diff5,0.0009383237
5,Avg_Bwd_Packets_RollingStd5,0.0009367092
10,ACK_Per_Flow,0.0009310648
6,PSH_Count_Diff1,0.00092782854
10,SYN_Count_RollingStd5,0.00092568644
10,ACK_Count_RollingStd5,0.0009121987
6,Avg_Bwd_Packets_Per_Second_RollingStd5,0.0009111733
7,Bwd_Fwd_Byte_Ratio,0.00088245777
5,Unique_Destination_Ports,0.00088137836
6,ACK_Count_RollingStd5,0.0008781703
3,Ports_Per_Flow,0.00087529275
1,Avg_Packets_Per_Second,0.0008738217
9,ACK_Per_Flow,0.00086665875
1,Avg_Fwd_Packets_Per_Second_RollingMean5,0.0008661379
10,PSH_Count_Diff5,0.000865012
8,Avg_Fwd_Packets_Per_Second_PctChange5,0.00085531856
6,ACK_Count_ZScore5,0.000851922
7,Avg_Packet_Length_Std_RollingMean5,0.00083736033
7,Unique_Destination_Ports_Diff5,0.00083603215
8,Avg_Packet_Length_Std_RollingStd5,0.00083477737
3,Flow_Count_Slope5,0.00082236825
8,Avg_Fwd_Packets,0.00081163587
1,ACK_Count_RollingMean5,0.0008082808
4,Avg_Bwd_Packets_Per_Second_RollingStd5,0.000807505
1,Avg_Packet_Length_RollingMean5,0.00080503407
6,Avg_Flow_Duration_RollingStd5,0.00079896755
1,Avg_Bwd_Packets_Diff5,0.0007937912
7,Avg_Packets_Per_Second_PctChange5,0.0007908872
10,Avg_Bytes_Per_Second_Diff1,0.0007905025
8,Avg_Packets_Per_Second,0.0007874614
4,Avg_Fwd_Packets_Diff5,0.0007838908
9,Avg_Bytes_Per_Second_Diff1,0.0007593569
4,Avg_Bwd_Packets_Per_Second,0.00075841974
5,RST_Count_RollingMean5,0.0007564468
5,SYN_Count_RollingStd5,0.0007556523
7,Avg_Packet_Length_RollingStd5,0.00075525057
9,Avg_Packet_Length_Std_RollingMean5,0.00075188023
2,Avg_Packet_Length_Std_Slope5,0.0007503293
5,Avg_Fwd_Bytes_RollingStd5,0.00074636476
6,Avg_Packet_Length_Std_RollingStd5,0.00074470835
1,Avg_Packet_Length_Std_Slope5,0.0007189134
1,Avg_Bwd_Packets_Slope5,0.0007182716
2,RST_Count_RollingStd5,0.0007135942
4,Avg_Packet_Length_RollingMean5,0.0007092004
6,Avg_Fwd_Packets_Per_Second_RollingMean5,0.0007080075
7,Avg_Fwd_Packets_Per_Second_RollingStd5,0.000691127
10,Avg_Packet_Length_Std,0.00068826234
4,SYN_Count_RollingMean5,0.0006838422
10,Avg_Fwd_Packets_Per_Second,0.000677339
4,Avg_Bytes_Per_Second_RollingStd5,0.0006655716
6,ACK_Count_Slope5,0.00066247344
10,RST_Count_PctChange5,0.00066189206
1,ACK_Count_Diff5,0.0006597127
3,ACK_Count_RollingStd5,0.000658746
3,RST_Count,0.00065629825
5,RST_Per_Flow,0.0006510397
9,Ports_Per_Flow,0.00065012596
1,Avg_Fwd_Bytes_RollingStd5,0.00064589165
4,Avg_Packets_Per_Second_RollingMean5,0.00063990697
5,SYN_Count_ZScore5,0.0006395566
6,SYN_Count_RollingStd5,0.0006286915
6,Avg_Packet_Length_Std,0.00062274194
1,RST_Count_Diff5,0.0006157794
8,Avg_Bytes_Per_Second_RollingStd5,0.00061218516
5,Avg_Bwd_Packets_Per_Second_RollingStd5,0.00060365023
7,Avg_Fwd_Packets_RollingStd5,0.0005956321
3,Flow_Count_RollingStd5,0.0005852397
1,Unique_Destination_Ports,0.0005835458
7,Avg_Packet_Length_Std_RollingStd5,0.0005828687
10,Avg_Fwd_Bytes_RollingStd5,0.00058230147
3,Avg_Flow_Duration_RollingStd5,0.000568633
1,Avg_Fwd_Bytes_Diff5,0.00056753465
2,Avg_Flow_Duration_RollingMean5,0.0005598134
7,Avg_Packet_Length_Std,0.00055451697
4,Avg_Packet_Length_Std_RollingStd5,0.0005427076
10,PSH_Count_Slope5,0.00053780596
1,Avg_Fwd_Packets_PctChange5,0.00053660106
10,Flow_Count,0.00052754185
3,Avg_Packet_Length_Std_RollingStd5,0.00052701967
5,RST_Count_RollingStd5,0.0005215949
9,Avg_Packet_Length_RollingStd5,0.00052155764
8,RST_Count_RollingStd5,0.00052128255
4,RST_Per_Flow,0.00051700865
10,Bwd_Fwd_Packet_Ratio,0.0005102132
6,Avg_Fwd_Bytes_Diff1,0.0005075323
4,Unique_Destination_Ports_RollingStd5,0.0004992313
8,Avg_Fwd_Bytes_Slope5,0.00049686193
4,Avg_Fwd_Bytes_RollingStd5,0.0004951761
5,Avg_Packet_Length_Std,0.00048458815
3,Avg_Bwd_Bytes,0.00048283834
9,Avg_Fwd_Packets_Per_Second_PctChange5,0.00047159262
3,Unique_Destination_Ports_PctChange1,0.00046876815
8,ACK_Count_RollingMean5,0.0004615883
8,Avg_Bwd_Packets_Per_Second_RollingStd5,0.00045586133
8,ACK_Count,0.00045493527
1,Avg_Fwd_Packets_RollingStd5,0.00045423114
10,SYN_Count_Diff1,0.0004530209
4,Avg_Flow_Duration_RollingStd5,0.00045176476
6,Avg_Bytes_Per_Second_RollingStd5,0.0004508761
9,Avg_Fwd_Bytes_PctChange1,0.0004486955
3,PSH_Count_Diff5,0.00044849855
8,Avg_Fwd_Bytes_RollingMean5,0.00044727663
3,Avg_Bytes_Per_Second_RollingStd5,0.00044540496
10,Avg_Packet_Length_RollingStd5,0.0004435807
9,ACK_Count_RollingMean5,0.0004427048
10,Avg_Bwd_Packets_RollingMean5,0.0004391677
8,Avg_Packet_Length_Std_RollingMean5,0.00043405665
1,Avg_Bwd_Packets_Per_Second_RollingMean5,0.0004316922
3,Bwd_Fwd_Packet_Ratio,0.00042641096
2,Avg_Bwd_Packets_Per_Second_RollingStd5,0.0004232426
4,Avg_Fwd_Packets_RollingStd5,0.00042302746
6,Avg_Flow_Duration_PctChange5,0.00041756526
10,Avg_Packet_Length_Slope5,0.00041691546
2,Avg_Flow_Duration_RollingStd5,0.00041659374
8,SYN_Count,0.00041604255
7,Avg_Fwd_Packets_Per_Second_Diff5,0.00041473797
7,Avg_Packet_Length_ZScore5,0.0004134616
1,Avg_Packets_Per_Second_PctChange1,0.0004051917
8,Avg_Fwd_Packets_Per_Second,0.00040300898
4,RST_Count_Diff5,0.0004017937
9,Avg_Fwd_Bytes_PctChange5,0.00039445862
3,RST_Count_Diff5,0.00039302526
4,PSH_Count_PctChange1,0.00039042582
9,Avg_Packets_Per_Second_Diff5,0.00038549563
9,Flow_Count_RollingMean5,0.0003845992
10,Avg_Bwd_Packets_Slope5,0.00038293432
8,ACK_Count_Slope5,0.00038119996
2,RST_Count_Slope5,0.0003777314
7,Avg_Fwd_Bytes_PctChange1,0.0003775136
3,Avg_Bwd_Packets_PctChange1,0.00037420855
1,Avg_Packet_Length_Std_ZScore5,0.00036936736
4,ACK_Count_Diff5,0.00036135752
7,PSH_Per_Flow,0.0003491909
10,Flow_Count_Slope5,0.0003484829
4,RST_Count,0.00034703105
10,Ports_Per_Flow,0.0003451742
10,PSH_Count_Diff1,0.0003398442
7,Avg_Fwd_Bytes_RollingMean5,0.00033931533
9,Bwd_Fwd_Packet_Ratio,0.0003389135
1,RST_Count_Slope5,0.0003288925
5,Avg_Flow_Duration_RollingStd5,0.00032718395
8,Avg_Fwd_Packets_Per_Second_RollingStd5,0.00032390573
8,Avg_Bwd_Bytes_RollingMean5,0.0003221457
10,Avg_Bytes_Per_Second,0.00031561733
7,Avg_Bwd_Packets_Per_Second_RollingStd5,0.00031247418
4,Avg_Packet_Length_Std,0.00031111698
4,RST_Count_PctChange5,0.00031098336
6,Avg_Packet_Length,0.00030819213
3,PSH_Count_RollingMean5,0.000305413
6,Bwd_Fwd_Packet_Ratio,0.0003001158
5,Avg_Packet_Length_Std_RollingStd5,0.00029952114
5,RST_Count_ZScore5,0.00029742645
10,Avg_Bwd_Packets_Per_Second_PctChange5,0.00029048327
3,Avg_Bwd_Packets_Per_Second_PctChange5,0.00028898194
8,Avg_Packet_Length_Slope5,0.00028290896
7,ACK_Count,0.00028228082
6,Avg_Flow_Duration_Diff1,0.00027977044
2,Avg_Fwd_Bytes_PctChange1,0.00026693637
2,Avg_Bwd_Packets_Per_Second_Diff5,0.00026431694
7,Avg_Fwd_Packets_RollingMean5,0.00026132545
10,Avg_Bytes_Per_Second_Slope5,0.00026097352
8,Avg_Flow_Duration_RollingStd5,0.00026068703
1,Avg_Fwd_Packets_Per_Second_Diff5,0.00025306668
5,Unique_Destination_Ports_Slope5,0.0002518951
6,Avg_Fwd_Bytes_ZScore5,0.00025029402
6,Avg_Bwd_Packets_Per_Second,0.0002491156
2,Bwd_Fwd_Packet_Ratio,0.00024828737
7,Avg_Bwd_Packets_Per_Second_Diff5,0.00023288392
6,Avg_Packet_Length_Std_Slope5,0.0002265716
6,Bwd_Fwd_Byte_Ratio,0.0002244252
5,RST_Count_Diff5,0.00022431933
7,SYN_Per_Flow,0.00022331359
2,RST_Count,0.00022088904
2,RST_Count_Diff5,0.00021739947
1,RST_Count_PctChange5,0.00021472585
7,Avg_Packet_Length_Slope5,0.00020762699
1,Avg_Fwd_Bytes_PctChange1,0.00020758441
9,Avg_Packet_Length,0.000207378
1,Avg_Packets_Per_Second_PctChange5,0.00020459747
1,Unique_Destination_Ports_Diff5,0.00020193662
7,PSH_Count,0.00019992235
7,Avg_Packet_Length_Std_PctChange1,0.00019509837
10,Unique_Destination_Ports_Slope5,0.00019493133
10,PSH_Count_RollingStd5,0.00019353631
7,Avg_Fwd_Bytes_ZScore5,0.00019086675
3,Avg_Packet_Length_Std,0.00018794677
8,SYN_Count_ZScore5,0.0001876103
4,RST_Count_Slope5,0.00018728804
5,Avg_Flow_Duration,0.00018338702
1,Avg_Flow_Duration,0.00018242386
7,Avg_Packet_Length,0.00017952586
8,SYN_Count_PctChange5,0.00017832908
7,Avg_Flow_Duration,0.00017729221
1,Avg_Packets_Per_Second_Diff5,0.00017695613
10,Avg_Fwd_Bytes_PctChange1,0.00017648852
2,Unique_Destination_Ports_Slope5,0.00017414388
5,Bwd_Fwd_Packet_Ratio,0.00017357629
1,Bwd_Fwd_Packet_Ratio,0.00017274276
4,SYN_Count_RollingStd5,0.00016944583
9,Avg_Bwd_Packets_Per_Second_RollingMean5,0.00016913145
3,Avg_Bwd_Packets_Per_Second_Diff5,0.00016897627
9,Avg_Bwd_Packets,0.00016747131
3,Avg_Packet_Length_PctChange5,0.0001633791
10,Avg_Bwd_Bytes_RollingMean5,0.00016093587
10,Avg_Packet_Length_Std_ZScore5,0.00016077269
5,Avg_Packet_Length_Std_Slope5,0.00015968923
2,Avg_Bwd_Packets_Per_Second_PctChange5,0.00015447426
3,Avg_Fwd_Packets_Diff5,0.00015426932
1,Avg_Packet_Length,0.0001463816
8,Avg_Fwd_Packets_RollingMean5,0.00014186387
8,Avg_Packet_Length,0.00013972129
2,Avg_Fwd_Bytes_Slope5,0.00013873486
10,Avg_Flow_Duration_PctChange5,0.00013327532
9,Avg_Fwd_Packets_RollingMean5,0.00013127695
3,Bwd_Fwd_Byte_Ratio,0.00011544216
9,Avg_Fwd_Packets_Slope5,0.000107336404
4,Avg_Packet_Length_Std_Slope5,0.00010075732
3,Avg_Fwd_Bytes,0.0
3,Avg_Fwd_Packets,0.0
3,Avg_Flow_Duration,0.0
3,Flow_Count,0.0
2,Bwd_Fwd_Byte_Ratio,0.0
2,ACK_Per_Flow,0.0
2,PSH_Per_Flow,0.0
2,SYN_Per_Flow,0.0
3,Flow_Count_PctChange5,0.0
3,Flow_Count_PctChange1,0.0
3,Flow_Count_Diff5,0.0
3,Flow_Count_Diff1,0.0
3,Unique_Protocols,0.0
3,Unique_Destination_Ports,0.0
3,PSH_Count,0.0
3,SYN_Count,0.0
3,Avg_Bwd_Packets_Per_Second,0.0
3,Avg_Fwd_Packets_Per_Second,0.0
3,Avg_Packet_Length,0.0
3,Avg_Fwd_Packets_PctChange5,0.0
3,Avg_Fwd_Packets_PctChange1,0.0
3,Avg_Fwd_Packets_Diff1,0.0
3,Avg_Flow_Duration_Slope5,0.0
3,Avg_Flow_Duration_ZScore5,0.0
3,Avg_Flow_Duration_PctChange5,0.0
3,Avg_Flow_Duration_PctChange1,0.0
3,Avg_Flow_Duration_Diff5,0.0
3,Avg_Flow_Duration_Diff1,0.0
3,Flow_Count_ZScore5,0.0
3,Avg_Fwd_Bytes_RollingStd5,0.0
3,Avg_Fwd_Bytes_PctChange5,0.0
3,Avg_Fwd_Bytes_PctChange1,0.0
3,Avg_Fwd_Bytes_Diff5,0.0
3,Avg_Fwd_Bytes_Diff1,0.0
3,Avg_Bwd_Packets_Slope5,0.0
3,Avg_Bwd_Packets_ZScore5,0.0
3,Avg_Bwd_Packets_RollingStd5,0.0
3,Avg_Bwd_Packets_PctChange5,0.0
3,Avg_Bwd_Packets_Diff5,0.0
3,Avg_Bwd_Packets_Diff1,0.0
3,Avg_Fwd_Packets_Slope5,0.0
3,Avg_Bytes_Per_Second_PctChange5,0.0
3,Avg_Bytes_Per_Second_PctChange1,0.0
3,Avg_Bytes_Per_Second_Diff5,0.0
3,Avg_Bytes_Per_Second_Diff1,0.0
3,Avg_Bwd_Bytes_Slope5,0.0
3,Avg_Bwd_Bytes_ZScore5,0.0
3,Avg_Bwd_Bytes_RollingStd5,0.0
3,Avg_Bwd_Bytes_PctChange5,0.0
3,Avg_Bwd_Bytes_PctChange1,0.0
3,Avg_Bwd_Bytes_Diff5,0.0
3,Avg_Bwd_Bytes_Diff1,0.0
3,Avg_Fwd_Bytes_Slope5,0.0
3,Avg_Fwd_Bytes_ZScore5,0.0
3,Avg_Packet_Length_PctChange1,0.0
3,Avg_Packet_Length_Diff5,0.0
3,Avg_Packet_Length_Diff1,0.0
3,Avg_Packets_Per_Second_Slope5,0.0
3,Avg_Packets_Per_Second_ZScore5,0.0
3,Avg_Packets_Per_Second_RollingStd5,0.0
3,Avg_Packets_Per_Second_PctChange5,0.0
3,Avg_Packets_Per_Second_PctChange1,0.0
3,Avg_Packets_Per_Second_Diff5,0.0
3,Avg_Packets_Per_Second_Diff1,0.0
3,Avg_Bytes_Per_Second_Slope5,0.0
3,Avg_Bytes_Per_Second_ZScore5,0.0
3,Avg_Fwd_Packets_Per_Second_PctChange5,0.0
3,Avg_Fwd_Packets_Per_Second_PctChange1,0.0
3,Avg_Fwd_Packets_Per_Second_Diff5,0.0
3,Avg_Fwd_Packets_Per_Second_Diff1,0.0
3,Avg_Packet_Length_Std_Slope5,0.0
3,Avg_Packet_Length_Std_ZScore5,0.0
3,Avg_Packet_Length_Std_PctChange5,0.0
3,Avg_Packet_Length_Std_PctChange1,0.0
3,Avg_Packet_Length_Std_Diff5,0.0
3,Avg_Packet_Length_Std_Diff1,0.0
3,Avg_Packet_Length_Slope5,0.0
3,Avg_Packet_Length_ZScore5,0.0
3,SYN_Count_RollingStd5,0.0
3,SYN_Count_RollingMean5,0.0
3,SYN_Count_PctChange5,0.0
3,SYN_Count_PctChange1,0.0
3,SYN_Count_Diff5,0.0
3,SYN_Count_Diff1,0.0
3,Avg_Bwd_Packets_Per_Second_Slope5,0.0
3,Avg_Bwd_Packets_Per_Second_ZScore5,0.0
3,Avg_Bwd_Packets_Per_Second_RollingMean5,0.0
3,Avg_Bwd_Packets_Per_Second_PctChange1,0.0
3,Avg_Bwd_Packets_Per_Second_Diff1,0.0
3,Avg_Fwd_Packets_Per_Second_Slope5,0.0
3,Avg_Fwd_Packets_Per_Second_ZScore5,0.0
3,PSH_Count_RollingStd5,0.0
3,PSH_Count_PctChange5,0.0
3,PSH_Count_PctChange1,0.0
3,PSH_Count_Diff1,0.0
3,RST_Count_Slope5,0.0
3,RST_Count_ZScore5,0.0
3,RST_Count_RollingStd5,0.0
3,RST_Count_RollingMean5,0.0
3,RST_Count_PctChange5,0.0
3,RST_Count_PctChange1,0.0
3,RST_Count_Diff1,0.0
3,SYN_Count_Slope5,0.0
3,Unique_Destination_Ports_RollingStd5,0.0
3,Unique_Destination_Ports_RollingMean5,0.0
3,Unique_Destination_Ports_PctChange5,0.0
3,Unique_Destination_Ports_Diff5,0.0
3,Unique_Destination_Ports_Diff1,0.0
3,ACK_Count_Slope5,0.0
3,ACK_Count_ZScore5,0.0
3,ACK_Count_RollingMean5,0.0
3,ACK_Count_PctChange5,0.0
3,ACK_Count_PctChange1,0.0
3,ACK_Count_Diff5,0.0
3,ACK_Count_Diff1,0.0
3,PSH_Count_Slope5,0.0
3,PSH_Count_ZScore5,0.0
4,Avg_Bytes_Per_Second,0.0
4,Avg_Bwd_Bytes,0.0
4,Avg_Fwd_Bytes,0.0
4,Avg_Fwd_Packets,0.0
4,Avg_Flow_Duration,0.0
4,Flow_Count,0.0
3,ACK_Per_Flow,0.0
3,PSH_Per_Flow,0.0
3,SYN_Per_Flow,0.0
3,Unique_Destination_Ports_Slope5,0.0
3,Unique_Destination_Ports_ZScore5,0.0
4,Flow_Count_RollingMean5,0.0
4,Flow_Count_PctChange5,0.0
4,Flow_Count_PctChange1,0.0
4,Flow_Count_Diff5,0.0
4,Flow_Count_Diff1,0.0
4,Unique_Protocols,0.0
4,Unique_Destination_Ports,0.0
4,ACK_Count,0.0
4,SYN_Count,0.0
4,Avg_Fwd_Packets_Per_Second,0.0
4,Avg_Packet_Length,0.0
4,Avg_Packets_Per_Second,0.0
4,Avg_Fwd_Packets_PctChange5,0.0
4,Avg_Fwd_Packets_PctChange1,0.0
4,Avg_Fwd_Packets_Diff1,0.0
4,Avg_Flow_Duration_Slope5,0.0
4,Avg_Flow_Duration_ZScore5,0.0
4,Avg_Flow_Duration_PctChange5,0.0
4,Avg_Flow_Duration_PctChange1,0.0
4,Avg_Flow_Duration_Diff5,0.0
4,Avg_Flow_Duration_Diff1,0.0
4,Flow_Count_Slope5,0.0
4,Flow_Count_ZScore5,0.0
4,Avg_Fwd_Bytes_PctChange5,0.0
4,Avg_Fwd_Bytes_PctChange1,0.0
4,Avg_Fwd_Bytes_Diff5,0.0
4,Avg_Fwd_Bytes_Diff1,0.0
4,Avg_Bwd_Packets_Slope5,0.0
4,Avg_Bwd_Packets_ZScore5,0.0
4,Avg_Bwd_Packets_RollingStd5,0.0
4,Avg_Bwd_Packets_PctChange5,0.0
4,Avg_Bwd_Packets_PctChange1,0.0
4,Avg_Bwd_Packets_Diff5,0.0
4,Avg_Bwd_Packets_Diff1,0.0
4,Avg_Fwd_Packets_Slope5,0.0
4,Avg_Fwd_Packets_ZScore5,0.0
4,Avg_Bytes_Per_Second_PctChange5,0.0
4,Avg_Bytes_Per_Second_PctChange1,0.0
4,Avg_Bytes_Per_Second_Diff5,0.0
4,Avg_Bytes_Per_Second_Diff1,0.0
4,Avg_Bwd_Bytes_Slope5,0.0
4,Avg_Bwd_Bytes_ZScore5,0.0
4,Avg_Bwd_Bytes_RollingStd5,0.0
4,Avg_Bwd_Bytes_RollingMean5,0.0
4,Avg_Bwd_Bytes_PctChange5,0.0
4,Avg_Bwd_Bytes_PctChange1,0.0
4,Avg_Bwd_Bytes_Diff5,0.0
4,Avg_Bwd_Bytes_Diff1,0.0
4,Avg_Fwd_Bytes_Slope5,0.0
4,Avg_Fwd_Bytes_ZScore5,0.0
4,Avg_Packet_Length_PctChange5,0.0
4,Avg_Packet_Length_PctChange1,0.0
4,Avg_Packet_Length_Diff5,0.0
4,Avg_Packet_Length_Diff1,0.0
4,Avg_Packets_Per_Second_Slope5,0.0
4,Avg_Packets_Per_Second_ZScore5,0.0
4,Avg_Packets_Per_Second_RollingStd5,0.0
4,Avg_Packets_Per_Second_PctChange5,0.0
4,Avg_Packets_Per_Second_PctChange1,0.0
4,Avg_Packets_Per_Second_Diff5,0.0
4,Avg_Packets_Per_Second_Diff1,0.0
4,Avg_Bytes_Per_Second_Slope5,0.0
4,Avg_Bytes_Per_Second_ZScore5,0.0
4,Avg_Fwd_Packets_Per_Second_PctChange5,0.0
4,Avg_Fwd_Packets_Per_Second_PctChange1,0.0
4,Avg_Fwd_Packets_Per_Second_Diff5,0.0
4,Avg_Fwd_Packets_Per_Second_Diff1,0.0
4,Avg_Packet_Length_Std_ZScore5,0.0
4,Avg_Packet_Length_Std_RollingMean5,0.0
4,Avg_Packet_Length_Std_PctChange5,0.0
4,Avg_Packet_Length_Std_PctChange1,0.0
4,Avg_Packet_Length_Std_Diff5,0.0
4,Avg_Packet_Length_Std_Diff1,0.0
4,Avg_Packet_Length_Slope5,0.0
4,Avg_Packet_Length_ZScore5,0.0
4,Avg_Packet_Length_RollingStd5,0.0
4,SYN_Count_PctChange5,0.0
4,SYN_Count_PctChange1,0.0
4,SYN_Count_Diff5,0.0
4,SYN_Count_Diff1,0.0
4,Avg_Bwd_Packets_Per_Second_Slope5,0.0
4,Avg_Bwd_Packets_Per_Second_ZScore5,0.0
4,Avg_Bwd_Packets_Per_Second_PctChange5,0.0
4,Avg_Bwd_Packets_Per_Second_PctChange1,0.0
4,Avg_Bwd_Packets_Per_Second_Diff5,0.0
4,Avg_Bwd_Packets_Per_Second_Diff1,0.0
4,Avg_Fwd_Packets_Per_Second_Slope5,0.0
4,Avg_Fwd_Packets_Per_Second_ZScore5,0.0
4,PSH_Count_PctChange5,0.0
4,PSH_Count_Diff5,0.0
4,PSH_Count_Diff1,0.0
4,RST_Count_ZScore5,0.0
4,RST_Count_RollingStd5,0.0
4,RST_Count_RollingMean5,0.0
4,RST_Count_PctChange1,0.0
4,RST_Count_Diff1,0.0
4,SYN_Count_Slope5,0.0
4,SYN_Count_ZScore5,0.0
4,Unique_Destination_Ports_RollingMean5,0.0
4,Unique_Destination_Ports_PctChange5,0.0
4,Unique_Destination_Ports_PctChange1,0.0
4,Unique_Destination_Ports_Diff5,0.0
4,Unique_Destination_Ports_Diff1,0.0
4,ACK_Count_Slope5,0.0
4,ACK_Count_ZScore5,0.0
4,ACK_Count_RollingMean5,0.0
4,ACK_Count_PctChange5,0.0
4,ACK_Count_PctChange1,0.0
4,ACK_Count_Diff1,0.0
4,PSH_Count_Slope5,0.0
4,PSH_Count_ZScore5,0.0
4,PSH_Count_RollingStd5,0.0
5,Avg_Bwd_Bytes,0.0
5,Avg_Fwd_Bytes,0.0
5,Avg_Bwd_Packets,0.0
5,Avg_Fwd_Packets,0.0
5,Flow_Count,0.0
4,Ports_Per_Flow,0.0
4,Bwd_Fwd_Byte_Ratio,0.0
4,Bwd_Fwd_Packet_Ratio,0.0
4,PSH_Per_Flow,0.0
4,SYN_Per_Flow,0.0
4,Unique_Destination_Ports_Slope5,0.0
4,Unique_Destination_Ports_ZScore5,0.0
5,Flow_Count_PctChange5,0.0
5,Flow_Count_PctChange1,0.0
5,Flow_Count_Diff5,0.0
5,Flow_Count_Diff1,0.0
5,Unique_Protocols,0.0
5,ACK_Count,0.0
5,PSH_Count,0.0
5,RST_Count,0.0
5,SYN_Count,0.0
5,Avg_Fwd_Packets_Per_Second,0.0
5,Avg_Packet_Length,0.0
5,Avg_Packets_Per_Second,0.0
5,Avg_Bytes_Per_Second,0.0
5,Avg_Fwd_Packets_PctChange5,0.0
5,Avg_Fwd_Packets_PctChange1,0.0
5,Avg_Fwd_Packets_Diff5,0.0
5,Avg_Fwd_Packets_Diff1,0.0
5,Avg_Flow_Duration_Slope5,0.0
5,Avg_Flow_Duration_ZScore5,0.0
1,Avg_Packets_Per_Second_Slope5,0.0
1,Avg_Packets_Per_Second_ZScore5,0.0
1,Avg_Packets_Per_Second_RollingStd5,0.0
1,Avg_Packets_Per_Second_Diff1,0.0
1,Avg_Fwd_Packets_Per_Second_Slope5,0.0
1,Avg_Fwd_Packets_Per_Second_ZScore5,0.0
1,Avg_Fwd_Packets_Per_Second_PctChange5,0.0
1,Avg_Fwd_Packets_Per_Second_PctChange1,0.0
5,Avg_Flow_Duration_PctChange5,0.0
5,Avg_Flow_Duration_PctChange1,0.0
5,Avg_Flow_Duration_Diff5,0.0
5,Avg_Flow_Duration_Diff1,0.0
5,Flow_Count_Slope5,0.0
5,Flow_Count_ZScore5,0.0
5,Avg_Fwd_Bytes_PctChange5,0.0
5,Avg_Fwd_Bytes_PctChange1,0.0
5,Avg_Fwd_Bytes_Diff5,0.0
5,Avg_Fwd_Bytes_Diff1,0.0
5,Avg_Bwd_Packets_Slope5,0.0
5,Avg_Bwd_Packets_ZScore5,0.0
5,Avg_Bwd_Packets_PctChange5,0.0
5,Avg_Bwd_Packets_PctChange1,0.0
5,Avg_Bwd_Packets_Diff5,0.0
5,Avg_Bwd_Packets_Diff1,0.0
5,Avg_Fwd_Packets_Slope5,0.0
5,Avg_Fwd_Packets_ZScore5,0.0
5,Avg_Fwd_Packets_RollingStd5,0.0
5,Avg_Bytes_Per_Second_PctChange5,0.0
5,Avg_Bytes_Per_Second_PctChange1,0.0
5,Avg_Bytes_Per_Second_Diff5,0.0
5,Avg_Bytes_Per_Second_Diff1,0.0
5,Avg_Bwd_Bytes_Slope5,0.0
5,Avg_Bwd_Bytes_ZScore5,0.0
5,Avg_Bwd_Bytes_PctChange5,0.0
5,Avg_Bwd_Bytes_PctChange1,0.0
5,Avg_Bwd_Bytes_Diff5,0.0
5,Avg_Bwd_Bytes_Diff1,0.0
5,Avg_Fwd_Bytes_Slope5,0.0
5,Avg_Fwd_Bytes_ZScore5,0.0
5,Avg_Fwd_Bytes_RollingMean5,0.0
5,Avg_Packet_Length_PctChange5,0.0
5,Avg_Packet_Length_PctChange1,0.0
5,Avg_Packet_Length_Diff5,0.0
5,Avg_Packet_Length_Diff1,0.0
5,Avg_Packets_Per_Second_Slope5,0.0
5,Avg_Packets_Per_Second_ZScore5,0.0
5,Avg_Packets_Per_Second_RollingStd5,0.0
5,Avg_Packets_Per_Second_PctChange5,0.0
5,Avg_Packets_Per_Second_PctChange1,0.0
5,Avg_Packets_Per_Second_Diff5,0.0
5,Avg_Packets_Per_Second_Diff1,0.0
5,Avg_Bytes_Per_Second_Slope5,0.0
5,Avg_Bytes_Per_Second_ZScore5,0.0
5,Avg_Fwd_Packets_Per_Second_PctChange5,0.0
5,Avg_Fwd_Packets_Per_Second_PctChange1,0.0
5,Avg_Fwd_Packets_Per_Second_Diff5,0.0
5,Avg_Fwd_Packets_Per_Second_Diff1,0.0
5,Avg_Packet_Length_Std_ZScore5,0.0
5,Avg_Packet_Length_Std_RollingMean5,0.0
5,Avg_Packet_Length_Std_PctChange5,0.0
5,Avg_Packet_Length_Std_PctChange1,0.0
5,Avg_Packet_Length_Std_Diff5,0.0
5,Avg_Packet_Length_Std_Diff1,0.0
5,Avg_Packet_Length_Slope5,0.0
5,Avg_Packet_Length_ZScore5,0.0
5,Avg_Packet_Length_RollingStd5,0.0
5,Avg_Packet_Length_RollingMean5,0.0
5,SYN_Count_PctChange5,0.0
5,SYN_Count_PctChange1,0.0
5,SYN_Count_Diff5,0.0
5,SYN_Count_Diff1,0.0
5,Avg_Bwd_Packets_Per_Second_Slope5,0.0
5,Avg_Bwd_Packets_Per_Second_ZScore5,0.0
5,Avg_Bwd_Packets_Per_Second_PctChange5,0.0
5,Avg_Bwd_Packets_Per_Second_PctChange1,0.0
5,Avg_Bwd_Packets_Per_Second_Diff5,0.0
5,Avg_Bwd_Packets_Per_Second_Diff1,0.0
5,Avg_Fwd_Packets_Per_Second_Slope5,0.0
5,Avg_Fwd_Packets_Per_Second_ZScore5,0.0
5,PSH_Count_PctChange5,0.0
5,PSH_Count_PctChange1,0.0
5,PSH_Count_Diff5,0.0
5,PSH_Count_Diff1,0.0
5,RST_Count_Slope5,0.0
5,RST_Count_PctChange5,0.0
5,RST_Count_PctChange1,0.0
5,RST_Count_Diff1,0.0
5,SYN_Count_Slope5,0.0
5,SYN_Count_RollingMean5,0.0
5,Unique_Destination_Ports_PctChange5,0.0
5,Unique_Destination_Ports_PctChange1,0.0
5,Unique_Destination_Ports_Diff5,0.0
5,Unique_Destination_Ports_Diff1,0.0
5,ACK_Count_Slope5,0.0
5,ACK_Count_ZScore5,0.0
5,ACK_Count_RollingMean5,0.0
5,ACK_Count_PctChange5,0.0
5,ACK_Count_PctChange1,0.0
5,ACK_Count_Diff5,0.0
5,ACK_Count_Diff1,0.0
5,PSH_Count_Slope5,0.0
5,PSH_Count_ZScore5,0.0
5,PSH_Count_RollingStd5,0.0
6,Avg_Fwd_Bytes,0.0
6,Avg_Bwd_Packets,0.0
6,Avg_Fwd_Packets,0.0
6,Avg_Flow_Duration,0.0
6,Flow_Count,0.0
5,Ports_Per_Flow,0.0
5,Bwd_Fwd_Byte_Ratio,0.0
5,ACK_Per_Flow,0.0
5,PSH_Per_Flow,0.0
5,SYN_Per_Flow,0.0
5,Unique_Destination_Ports_ZScore5,0.0
5,Unique_Destination_Ports_RollingMean5,0.0
6,Flow_Count_PctChange1,0.0
6,Flow_Count_Diff5,0.0
6,Flow_Count_Diff1,0.0
6,Unique_Protocols,0.0
6,Unique_Destination_Ports,0.0
6,PSH_Count,0.0
6,RST_Count,0.0
6,SYN_Count,0.0
6,Avg_Fwd_Packets_Per_Second,0.0
6,Avg_Packets_Per_Second,0.0
6,Avg_Bytes_Per_Second,0.0
6,Avg_Bwd_Bytes,0.0
6,Avg_Fwd_Packets_PctChange1,0.0
6,Avg_Fwd_Packets_Diff5,0.0
6,Avg_Fwd_Packets_Diff1,0.0
6,Avg_Flow_Duration_Slope5,0.0
6,Avg_Flow_Duration_ZScore5,0.0
6,Avg_Flow_Duration_PctChange1,0.0
6,Avg_Flow_Duration_Diff5,0.0
6,Flow_Count_Slope5,0.0
6,Flow_Count_ZScore5,0.0
6,Flow_Count_RollingMean5,0.0
6,Flow_Count_PctChange5,0.0
6,Avg_Fwd_Bytes_Diff5,0.0
10,ACK_Count_ZScore5,0.0
6,Avg_Bwd_Packets_Slope5,0.0
6,Avg_Bwd_Packets_ZScore5,0.0
6,Avg_Bwd_Packets_RollingStd5,0.0
1,Avg_Fwd_Packets_Per_Second,0.0
6,Avg_Bwd_Packets_PctChange5,0.0
6,Avg_Bwd_Packets_PctChange1,0.0
6,Avg_Bwd_Packets_Diff5,0.0
6,Avg_Bwd_Packets_Diff1,0.0
6,Avg_Fwd_Packets_Slope5,0.0
6,Avg_Fwd_Packets_ZScore5,0.0
6,Avg_Fwd_Packets_RollingStd5,0.0
1,Flow_Count_ZScore5,0.0
6,Avg_Fwd_Packets_PctChange5,0.0
6,Avg_Bytes_Per_Second_PctChange1,0.0
6,Avg_Bytes_Per_Second_Diff5,0.0
6,Avg_Bytes_Per_Second_Diff1,0.0
6,Avg_Bwd_Bytes_Slope5,0.0
6,Avg_Bwd_Bytes_ZScore5,0.0
6,Avg_Bwd_Bytes_RollingStd5,0.0
6,Avg_Bwd_Bytes_RollingMean5,0.0
6,Avg_Bwd_Bytes_PctChange5,0.0
6,Avg_Bwd_Bytes_PctChange1,0.0
6,Avg_Bwd_Bytes_Diff5,0.0
6,Avg_Bwd_Bytes_Diff1,0.0
6,Avg_Fwd_Bytes_Slope5,0.0
1,Flow_Count_RollingStd5,0.0
1,Flow_Count_PctChange5,0.0
6,Avg_Fwd_Bytes_RollingMean5,0.0
6,Avg_Fwd_Bytes_PctChange5,0.0
6,Avg_Packet_Length_PctChange1,0.0
6,Avg_Packet_Length_Diff5,0.0
6,Avg_Packet_Length_Diff1,0.0
6,Avg_Packets_Per_Second_Slope5,0.0
6,Avg_Packets_Per_Second_ZScore5,0.0
1,Flow_Count_PctChange1,0.0
6,Avg_Packets_Per_Second_PctChange5,0.0
6,Avg_Packets_Per_Second_PctChange1,0.0
6,Avg_Packets_Per_Second_Diff5,0.0
6,Avg_Packets_Per_Second_Diff1,0.0
6,Avg_Bytes_Per_Second_Slope5,0.0
6,Avg_Bytes_Per_Second_ZScore5,0.0
1,Flow_Count_Diff5,0.0
6,Avg_Bytes_Per_Second_PctChange5,0.0
6,Avg_Fwd_Packets_Per_Second_PctChange1,0.0
6,Avg_Fwd_Packets_Per_Second_Diff5,0.0
6,Avg_Fwd_Packets_Per_Second_Diff1,0.0
10,PSH_Count_ZScore5,0.0
6,Avg_Packet_Length_Std_ZScore5,0.0
1,Flow_Count_Slope5,0.0
10,PSH_Count_PctChange1,0.0
6,Avg_Packet_Length_Std_PctChange5,0.0
6,Avg_Packet_Length_Std_PctChange1,0.0
6,Avg_Packet_Length_Std_Diff5,0.0
6,Avg_Packet_Length_Std_Diff1,0.0
6,Avg_Packet_Length_Slope5,0.0
6,Avg_Packet_Length_ZScore5,0.0
1,Unique_Protocols,0.0
6,Avg_Packet_Length_RollingMean5,0.0
6,Avg_Packet_Length_PctChange5,0.0
6,SYN_Count_PctChange1,0.0
6,SYN_Count_Diff5,0.0
6,SYN_Count_Diff1,0.0
6,Avg_Bwd_Packets_Per_Second_Slope5,0.0
6,Avg_Bwd_Packets_Per_Second_ZScore5,0.0
1,ACK_Count,0.0
1,RST_Count,0.0
6,Avg_Bwd_Packets_Per_Second_PctChange5,0.0
6,Avg_Bwd_Packets_Per_Second_PctChange1,0.0
6,Avg_Bwd_Packets_Per_Second_Diff5,0.0
6,Avg_Bwd_Packets_Per_Second_Diff1,0.0
6,Avg_Fwd_Packets_Per_Second_Slope5,0.0
6,Avg_Fwd_Packets_Per_Second_ZScore5,0.0
1,SYN_Count,0.0
6,Avg_Fwd_Packets_Per_Second_PctChange5,0.0
6,PSH_Count_PctChange1,0.0
6,PSH_Count_Diff5,0.0
1,Avg_Bwd_Packets_Per_Second,0.0
6,RST_Count_Slope5,0.0
6,RST_Count_ZScore5,0.0
6,RST_Count_RollingStd5,0.0
6,RST_Count_RollingMean5,0.0
6,RST_Count_PctChange5,0.0
10,ACK_Count_PctChange1,0.0
10,ACK_Count_Diff5,0.0
6,RST_Count_Diff1,0.0
6,SYN_Count_Slope5,0.0
6,SYN_Count_ZScore5,0.0
10,ACK_Count_Diff1,0.0
1,SYN_Count_Diff1,0.0
6,SYN_Count_PctChange5,0.0
6,Unique_Destination_Ports_PctChange1,0.0
6,Unique_Destination_Ports_Diff5,0.0
6,Unique_Destination_Ports_Diff1,0.0
1,Avg_Bwd_Packets_Per_Second_Slope5,0.0
1,Avg_Bwd_Packets_Per_Second_ZScore5,0.0
1,Avg_Bwd_Packets_Per_Second_RollingStd5,0.0
6,ACK_Count_RollingMean5,0.0
6,ACK_Count_PctChange5,0.0
6,ACK_Count_PctChange1,0.0
1,Avg_Bwd_Packets_Per_Second_PctChange5,0.0
6,ACK_Count_Diff1,0.0
6,PSH_Count_Slope5,0.0
6,PSH_Count_ZScore5,0.0
6,PSH_Count_RollingStd5,0.0
6,PSH_Count_PctChange5,0.0
7,Avg_Bwd_Packets,0.0
7,Avg_Fwd_Packets,0.0
1,Avg_Bwd_Packets_Per_Second_PctChange1,0.0
7,Flow_Count,0.0
6,Ports_Per_Flow,0.0
1,Avg_Bwd_Packets_Per_Second_Diff5,0.0
1,Avg_Bwd_Packets_Per_Second_Diff1,0.0
6,ACK_Per_Flow,0.0
6,PSH_Per_Flow,0.0
6,RST_Per_Flow,0.0
6,SYN_Per_Flow,0.0
1,PSH_Count_Slope5,0.0
6,Unique_Destination_Ports_ZScore5,0.0
6,Unique_Destination_Ports_RollingStd5,0.0
6,Unique_Destination_Ports_PctChange5,0.0
7,Flow_Count_Diff5,0.0
7,Flow_Count_Diff1,0.0
7,Unique_Protocols,0.0
7,Unique_Destination_Ports,0.0
1,PSH_Count_ZScore5,0.0
1,PSH_Count_RollingStd5,0.0
1,Avg_Bytes_Per_Second_Diff1,0.0
1,Avg_Bwd_Bytes_Slope5,0.0
1,Avg_Bwd_Bytes_ZScore5,0.0
1,Avg_Bwd_Bytes_RollingStd5,0.0
1,PSH_Count_RollingMean5,0.0
1,PSH_Count_PctChange5,0.0
1,Avg_Bwd_Bytes_PctChange1,0.0
1,Avg_Bwd_Bytes_Diff5,0.0
1,Avg_Bwd_Bytes_Diff1,0.0
1,Avg_Packet_Length_Slope5,0.0
1,Avg_Packet_Length_ZScore5,0.0
1,Avg_Packet_Length_RollingStd5,0.0
1,PSH_Count_PctChange1,0.0
1,Avg_Packet_Length_PctChange5,0.0
1,Avg_Packet_Length_PctChange1,0.0
1,Avg_Packet_Length_Diff5,0.0
7,SYN_Count,0.0
7,Avg_Bwd_Packets_Per_Second,0.0
7,Avg_Fwd_Packets_Per_Second,0.0
1,PSH_Count_Diff5,0.0
1,PSH_Count_Diff1,0.0
1,RST_Count_ZScore5,0.0
7,Avg_Bytes_Per_Second,0.0
7,Avg_Bwd_Bytes,0.0
7,Avg_Fwd_Bytes,0.0
7,Avg_Fwd_Packets_Diff5,0.0
7,Avg_Fwd_Packets_Diff1,0.0
7,Avg_Flow_Duration_Slope5,0.0
7,Avg_Flow_Duration_ZScore5,0.0
7,Avg_Flow_Duration_PctChange5,0.0
7,Avg_Flow_Duration_PctChange1,0.0
7,Avg_Flow_Duration_Diff5,0.0
7,Avg_Flow_Duration_Diff1,0.0
7,Flow_Count_Slope5,0.0
7,Flow_Count_ZScore5,0.0
7,Flow_Count_RollingMean5,0.0
7,Flow_Count_PctChange5,0.0
7,Flow_Count_PctChange1,0.0
1,RST_Count_RollingStd5,0.0
7,Avg_Fwd_Bytes_Diff1,0.0
7,Avg_Bwd_Packets_Slope5,0.0
7,Avg_Bwd_Packets_ZScore5,0.0
1,RST_Count_RollingMean5,0.0
7,Avg_Bwd_Packets_PctChange5,0.0
7,Avg_Bwd_Packets_PctChange1,0.0
7,Avg_Bwd_Packets_Diff5,0.0
7,Avg_Bwd_Packets_Diff1,0.0
7,Avg_Fwd_Packets_Slope5,0.0
7,Avg_Fwd_Packets_ZScore5,0.0
1,RST_Count_PctChange1,0.0
1,RST_Count_Diff1,0.0
7,Avg_Fwd_Packets_PctChange5,0.0
7,Avg_Fwd_Packets_PctChange1,0.0
7,Avg_Bytes_Per_Second_Diff5,0.0
7,Avg_Bytes_Per_Second_Diff1,0.0
7,Avg_Bwd_Bytes_Slope5,0.0
7,Avg_Bwd_Bytes_ZScore5,0.0
7,Avg_Bwd_Bytes_RollingStd5,0.0
7,Avg_Bwd_Bytes_RollingMean5,0.0
7,Avg_Bwd_Bytes_PctChange5,0.0
7,Avg_Bwd_Bytes_PctChange1,0.0
7,Avg_Bwd_Bytes_Diff5,0.0
7,Avg_Bwd_Bytes_Diff1,0.0
7,Avg_Fwd_Bytes_Slope5,0.0
1,Unique_Destination_Ports_Slope5,0.0
1,Unique_Destination_Ports_ZScore5,0.0
1,Unique_Destination_Ports_RollingMean5,0.0
7,Avg_Fwd_Bytes_PctChange5,0.0
1,Unique_Destination_Ports_PctChange5,0.0
7,Avg_Packet_Length_Diff5,0.0
7,Avg_Packet_Length_Diff1,0.0
7,Avg_Packets_Per_Second_Slope5,0.0
7,Avg_Packets_Per_Second_ZScore5,0.0
1,Unique_Destination_Ports_PctChange1,0.0
1,Unique_Destination_Ports_Diff1,0.0
7,Avg_Packets_Per_Second_PctChange1,0.0
7,Avg_Packets_Per_Second_Diff5,0.0
7,Avg_Packets_Per_Second_Diff1,0.0
7,Avg_Bytes_Per_Second_Slope5,0.0
7,Avg_Bytes_Per_Second_ZScore5,0.0
1,ACK_Count_Slope5,0.0
1,ACK_Count_ZScore5,0.0
7,Avg_Bytes_Per_Second_PctChange5,0.0
7,Avg_Bytes_Per_Second_PctChange1,0.0
1,ACK_Count_PctChange5,0.0
7,Avg_Fwd_Packets_Per_Second_Diff1,0.0
7,Avg_Packet_Length_Std_Slope5,0.0
7,Avg_Packet_Length_Std_ZScore5,0.0
1,ACK_Count_PctChange1,0.0
1,ACK_Count_Diff1,0.0
7,Avg_Packet_Length_Std_PctChange5,0.0
2,Avg_Packet_Length,0.0
7,Avg_Packet_Length_Std_Diff5,0.0
7,Avg_Packet_Length_Std_Diff1,0.0
2,Avg_Packets_Per_Second,0.0
2,Avg_Bytes_Per_Second,0.0
2,Avg_Bwd_Bytes,0.0
7,Avg_Packet_Length_RollingMean5,0.0
7,Avg_Packet_Length_PctChange5,0.0
7,Avg_Packet_Length_PctChange1,0.0
7,SYN_Count_Diff5,0.0
7,SYN_Count_Diff1,0.0
7,Avg_Bwd_Packets_Per_Second_Slope5,0.0
7,Avg_Bwd_Packets_Per_Second_ZScore5,0.0
2,Avg_Fwd_Bytes,0.0
2,Avg_Bwd_Packets,0.0
7,Avg_Bwd_Packets_Per_Second_PctChange5,0.0
7,Avg_Bwd_Packets_Per_Second_PctChange1,0.0
2,Avg_Fwd_Packets,0.0
7,Avg_Bwd_Packets_Per_Second_Diff1,0.0
7,Avg_Fwd_Packets_Per_Second_Slope5,0.0
7,Avg_Fwd_Packets_Per_Second_ZScore5,0.0
2,Avg_Flow_Duration,0.0
2,Flow_Count,0.0
7,Avg_Fwd_Packets_Per_Second_PctChange5,0.0
7,Avg_Fwd_Packets_Per_Second_PctChange1,0.0
7,PSH_Count_Diff5,0.0
7,PSH_Count_Diff1,0.0
7,RST_Count_Slope5,0.0
7,RST_Count_RollingStd5,0.0
7,RST_Count_RollingMean5,0.0
7,RST_Count_PctChange5,0.0
7,RST_Count_PctChange1,0.0
1,Ports_Per_Flow,0.0
7,RST_Count_Diff1,0.0
7,SYN_Count_Slope5,0.0
7,SYN_Count_ZScore5,0.0
1,Bwd_Fwd_Byte_Ratio,0.0
7,SYN_Count_RollingMean5,0.0
7,SYN_Count_PctChange5,0.0
7,SYN_Count_PctChange1,0.0
1,ACK_Per_Flow,0.0
7,Unique_Destination_Ports_Diff1,0.0
7,ACK_Count_Slope5,0.0
7,ACK_Count_ZScore5,0.0
1,PSH_Per_Flow,0.0
7,ACK_Count_PctChange5,0.0
7,ACK_Count_PctChange1,0.0
7,ACK_Count_Diff5,0.0
7,ACK_Count_Diff1,0.0
7,PSH_Count_Slope5,0.0
7,PSH_Count_ZScore5,0.0
7,PSH_Count_RollingStd5,0.0
7,PSH_Count_PctChange5,0.0
7,PSH_Count_PctChange1,0.0
1,SYN_Per_Flow,0.0
8,Avg_Flow_Duration,0.0
8,Flow_Count,0.0
2,Flow_Count_ZScore5,0.0
2,Flow_Count_RollingMean5,0.0
7,Bwd_Fwd_Packet_Ratio,0.0
7,ACK_Per_Flow,0.0
2,Flow_Count_PctChange5,0.0
2,Flow_Count_PctChange1,0.0
7,Unique_Destination_Ports_Slope5,0.0
7,Unique_Destination_Ports_ZScore5,0.0
7,Unique_Destination_Ports_RollingStd5,0.0
7,Unique_Destination_Ports_RollingMean5,0.0
7,Unique_Destination_Ports_PctChange5,0.0
7,Unique_Destination_Ports_PctChange1,0.0
8,Unique_Protocols,0.0
8,Unique_Destination_Ports,0.0
2,Flow_Count_Diff5,0.0
2,Flow_Count_Diff1,0.0
2,Unique_Protocols,0.0
2,Unique_Destination_Ports,0.0
2,ACK_Count,0.0
2,PSH_Count,0.0
2,SYN_Count,0.0
8,Avg_Bytes_Per_Second,0.0
8,Avg_Bwd_Bytes,0.0
8,Avg_Fwd_Bytes,0.0
8,Avg_Bwd_Packets,0.0
8,Avg_Fwd_Packets_Diff1,0.0
8,Avg_Flow_Duration_Slope5,0.0
8,Avg_Flow_Duration_ZScore5,0.0
2,Avg_Bwd_Packets_Per_Second,0.0
8,Avg_Flow_Duration_PctChange5,0.0
8,Avg_Flow_Duration_PctChange1,0.0
8,Avg_Flow_Duration_Diff5,0.0
8,Avg_Flow_Duration_Diff1,0.0
8,Flow_Count_Slope5,0.0
8,Flow_Count_ZScore5,0.0
8,Flow_Count_RollingMean5,0.0
8,Flow_Count_PctChange5,0.0
8,Flow_Count_PctChange1,0.0
8,Flow_Count_Diff5,0.0
8,Avg_Fwd_Bytes_Diff1,0.0
8,Avg_Bwd_Packets_Slope5,0.0
8,Avg_Bwd_Packets_ZScore5,0.0
2,Avg_Fwd_Packets_Per_Second,0.0
8,Avg_Bwd_Packets_PctChange5,0.0
8,Avg_Bwd_Packets_PctChange1,0.0
8,Avg_Bwd_Packets_Diff5,0.0
8,Avg_Bwd_Packets_Diff1,0.0
8,Avg_Fwd_Packets_Slope5,0.0
8,Avg_Fwd_Packets_ZScore5,0.0
2,Avg_Packet_Length_Std,0.0
2,Avg_Fwd_Packets_ZScore5,0.0
8,Avg_Fwd_Packets_PctChange5,0.0
8,Avg_Fwd_Packets_PctChange1,0.0
8,Avg_Fwd_Packets_Diff5,0.0
8,Avg_Bytes_Per_Second_Diff1,0.0
8,Avg_Bwd_Bytes_Slope5,0.0
8,Avg_Bwd_Bytes_ZScore5,0.0
8,Avg_Bwd_Bytes_RollingStd5,0.0
2,Avg_Fwd_Packets_RollingStd5,0.0
8,Avg_Bwd_Bytes_PctChange5,0.0
8,Avg_Bwd_Bytes_PctChange1,0.0
8,Avg_Bwd_Bytes_Diff5,0.0
8,Avg_Bwd_Bytes_Diff1,0.0
2,Avg_Fwd_Packets_PctChange5,0.0
8,Avg_Fwd_Bytes_ZScore5,0.0
8,Avg_Fwd_Bytes_RollingStd5,0.0
2,Avg_Fwd_Packets_PctChange1,0.0
8,Avg_Fwd_Bytes_PctChange5,0.0
8,Avg_Fwd_Bytes_PctChange1,0.0
8,Avg_Fwd_Bytes_Diff5,0.0
8,Avg_Packet_Length_Diff1,0.0
8,Avg_Packets_Per_Second_Slope5,0.0
8,Avg_Packets_Per_Second_ZScore5,0.0
8,Avg_Packets_Per_Second_RollingStd5,0.0
8,Avg_Packets_Per_Second_RollingMean5,0.0
8,Avg_Packets_Per_Second_PctChange5,0.0
8,Avg_Packets_Per_Second_PctChange1,0.0
8,Avg_Packets_Per_Second_Diff5,0.0
8,Avg_Packets_Per_Second_Diff1,0.0
8,Avg_Bytes_Per_Second_Slope5,0.0
8,Avg_Bytes_Per_Second_ZScore5,0.0
2,Avg_Fwd_Packets_Diff5,0.0
2,Avg_Fwd_Packets_Diff1,0.0
8,Avg_Bytes_Per_Second_PctChange5,0.0
8,Avg_Bytes_Per_Second_PctChange1,0.0
8,Avg_Bytes_Per_Second_Diff5,0.0
8,Avg_Fwd_Packets_Per_Second_Diff1,0.0
8,Avg_Packet_Length_Std_Slope5,0.0
8,Avg_Packet_Length_Std_ZScore5,0.0
2,Avg_Flow_Duration_Slope5,0.0
2,Avg_Flow_Duration_ZScore5,0.0
8,Avg_Packet_Length_Std_PctChange5,0.0
8,Avg_Packet_Length_Std_PctChange1,0.0
1,Avg_Fwd_Bytes_Diff1,0.0
2,Avg_Flow_Duration_PctChange5,0.0
1,Avg_Bwd_Packets_ZScore5,0.0
2,Avg_Flow_Duration_PctChange1,0.0
1,Avg_Bwd_Packets_PctChange5,0.0
1,Avg_Bwd_Packets_PctChange1,0.0
2,Avg_Flow_Duration_Diff5,0.0
1,Avg_Bwd_Packets_Diff1,0.0
1,Avg_Bytes_Per_Second_Slope5,0.0
1,Avg_Bytes_Per_Second_ZScore5,0.0
1,Avg_Bytes_Per_Second_RollingStd5,0.0
1,Avg_Bytes_Per_Second_PctChange5,0.0
1,Avg_Bytes_Per_Second_PctChange1,0.0
1,Avg_Bytes_Per_Second_Diff5,0.0
8,Avg_Packet_Length_Std_Diff5,0.0
8,Avg_Packet_Length_Std_Diff1,0.0
2,Avg_Flow_Duration_Diff1,0.0
8,Avg_Packet_Length_ZScore5,0.0
8,Avg_Packet_Length_RollingStd5,0.0
8,Avg_Packet_Length_PctChange5,0.0
8,Avg_Packet_Length_PctChange1,0.0
8,Avg_Packet_Length_Diff5,0.0
8,SYN_Count_Diff1,0.0
8,Avg_Bwd_Packets_Per_Second_Slope5,0.0
8,Avg_Bwd_Packets_Per_Second_ZScore5,0.0
2,Flow_Count_Slope5,0.0
8,Avg_Bwd_Packets_Per_Second_PctChange5,0.0
8,Avg_Bwd_Packets_Per_Second_PctChange1,0.0
8,Avg_Bwd_Packets_Per_Second_Diff5,0.0
8,Avg_Bwd_Packets_Per_Second_Diff1,0.0
8,Avg_Fwd_Packets_Per_Second_Slope5,0.0
8,Avg_Fwd_Packets_Per_Second_ZScore5,0.0
2,Avg_Fwd_Bytes_ZScore5,0.0
2,Avg_Fwd_Bytes_RollingStd5,0.0
2,Avg_Fwd_Bytes_RollingMean5,0.0
8,Avg_Fwd_Packets_Per_Second_PctChange1,0.0
2,Avg_Fwd_Bytes_PctChange5,0.0
8,PSH_Count_Diff1,0.0
2,Avg_Fwd_Bytes_Diff5,0.0
2,Avg_Fwd_Bytes_Diff1,0.0
1,Avg_Fwd_Packets_Per_Second_Diff1,0.0
8,RST_Count_RollingMean5,0.0
1,Avg_Packet_Length_Std_RollingMean5,0.0
8,RST_Count_PctChange1,0.0
1,Avg_Packet_Length_Std_PctChange5,0.0
8,RST_Count_Diff1,0.0
8,SYN_Count_Slope5,0.0
1,Avg_Packet_Length_Std_PctChange1,0.0
1,Avg_Packet_Length_Std_Diff1,0.0
1,SYN_Count_Slope5,0.0
1,SYN_Count_ZScore5,0.0
8,SYN_Count_PctChange1,0.0
1,SYN_Count_RollingMean5,0.0
8,Unique_Destination_Ports_Diff1,0.0
1,SYN_Count_PctChange5,0.0
8,ACK_Count_ZScore5,0.0
1,SYN_Count_PctChange1,0.0
1,SYN_Count_Diff5,0.0
8,ACK_Count_PctChange5,0.0
8,ACK_Count_PctChange1,0.0
8,ACK_Count_Diff5,0.0
8,ACK_Count_Diff1,0.0
8,PSH_Count_Slope5,0.0
8,PSH_Count_ZScore5,0.0
8,PSH_Count_RollingStd5,0.0
8,PSH_Count_PctChange5,0.0
8,PSH_Count_PctChange1,0.0
8,PSH_Count_Diff5,0.0
9,Avg_Flow_Duration,0.0
9,Flow_Count,0.0
2,Avg_Bwd_Packets_Slope5,0.0
8,Bwd_Fwd_Byte_Ratio,0.0
8,Bwd_Fwd_Packet_Ratio,0.0
8,ACK_Per_Flow,0.0
8,PSH_Per_Flow,0.0
2,Avg_Bwd_Packets_ZScore5,0.0
8,Unique_Destination_Ports_Slope5,0.0
8,Unique_Destination_Ports_ZScore5,0.0
8,Unique_Destination_Ports_PctChange5,0.0
8,Unique_Destination_Ports_PctChange1,0.0
8,Unique_Destination_Ports_Diff5,0.0
9,Unique_Protocols,0.0
9,Unique_Destination_Ports,0.0
9,ACK_Count,0.0
9,SYN_Count,0.0
9,Avg_Fwd_Packets_Per_Second,0.0
2,Avg_Bwd_Packets_RollingStd5,0.0
2,Avg_Bwd_Packets_PctChange5,0.0
9,Avg_Packets_Per_Second,0.0
9,Avg_Bytes_Per_Second,0.0
9,Avg_Bwd_Bytes,0.0
9,Avg_Fwd_Bytes,0.0
2,Avg_Bwd_Packets_PctChange1,0.0
2,Avg_Bwd_Packets_Diff5,0.0
9,Avg_Flow_Duration_Slope5,0.0
9,Avg_Flow_Duration_ZScore5,0.0
2,Avg_Bwd_Packets_Diff1,0.0
9,Avg_Flow_Duration_PctChange5,0.0
9,Avg_Flow_Duration_PctChange1,0.0
9,Avg_Flow_Duration_Diff5,0.0
9,Avg_Flow_Duration_Diff1,0.0
9,Flow_Count_Slope5,0.0
9,Flow_Count_ZScore5,0.0
2,Avg_Fwd_Packets_Slope5,0.0
9,Flow_Count_PctChange5,0.0
9,Flow_Count_PctChange1,0.0
9,Flow_Count_Diff5,0.0
9,Avg_Bwd_Packets_Slope5,0.0
9,Avg_Bwd_Packets_ZScore5,0.0
2,Avg_Bytes_Per_Second_ZScore5,0.0
9,Avg_Bwd_Packets_PctChange5,0.0
9,Avg_Bwd_Packets_PctChange1,0.0
9,Avg_Bwd_Packets_Diff5,0.0
9,Avg_Bwd_Packets_Diff1,0.0
2,Avg_Bytes_Per_Second_PctChange5,0.0
9,Avg_Fwd_Packets_ZScore5,0.0
9,Avg_Fwd_Packets_RollingStd5,0.0
2,Avg_Bytes_Per_Second_PctChange1,0.0
9,Avg_Fwd_Packets_PctChange5,0.0
9,Avg_Fwd_Packets_PctChange1,0.0
9,Avg_Fwd_Packets_Diff5,0.0
9,Avg_Fwd_Packets_Diff1,0.0
9,Avg_Bwd_Bytes_Slope5,0.0
9,Avg_Bwd_Bytes_ZScore5,0.0
9,Avg_Bwd_Bytes_RollingStd5,0.0
2,Avg_Bytes_Per_Second_Diff5,0.0
9,Avg_Bwd_Bytes_PctChange5,0.0
9,Avg_Bwd_Bytes_PctChange1,0.0
9,Avg_Bwd_Bytes_Diff5,0.0
9,Avg_Bwd_Bytes_Diff1,0.0
9,Avg_Fwd_Bytes_Slope5,0.0
2,Avg_Bytes_Per_Second_Diff1,0.0
9,Avg_Fwd_Bytes_RollingStd5,0.0
9,Avg_Fwd_Bytes_RollingMean5,0.0
2,Avg_Bwd_Bytes_Slope5,0.0
2,Avg_Bwd_Bytes_ZScore5,0.0
9,Avg_Fwd_Bytes_Diff5,0.0
9,Avg_Fwd_Bytes_Diff1,0.0
9,Avg_Packets_Per_Second_Slope5,0.0
9,Avg_Packets_Per_Second_ZScore5,0.0
9,Avg_Packets_Per_Second_RollingStd5,0.0
9,Avg_Packets_Per_Second_RollingMean5,0.0
9,Avg_Packets_Per_Second_PctChange5,0.0
9,Avg_Packets_Per_Second_PctChange1,0.0
2,Avg_Bwd_Bytes_RollingStd5,0.0
9,Avg_Packets_Per_Second_Diff1,0.0
9,Avg_Bytes_Per_Second_Slope5,0.0
9,Avg_Bytes_Per_Second_ZScore5,0.0
2,Avg_Bwd_Bytes_RollingMean5,0.0
2,Avg_Bwd_Bytes_PctChange5,0.0
9,Avg_Bytes_Per_Second_PctChange5,0.0
9,Avg_Bytes_Per_Second_PctChange1,0.0
9,Avg_Bytes_Per_Second_Diff5,0.0
2,Avg_Bwd_Bytes_Diff5,0.0
9,Avg_Packet_Length_Std_Slope5,0.0
9,Avg_Packet_Length_Std_ZScore5,0.0
2,Avg_Bwd_Bytes_Diff1,0.0
2,Avg_Packet_Length_ZScore5,0.0
9,Avg_Packet_Length_Std_PctChange5,0.0
9,Avg_Packet_Length_Std_PctChange1,0.0
9,Avg_Packet_Length_Std_Diff5,0.0
9,Avg_Packet_Length_Std_Diff1,0.0
9,Avg_Packet_Length_Slope5,0.0
9,Avg_Packet_Length_ZScore5,0.0
2,Avg_Packet_Length_RollingStd5,0.0
9,Avg_Packet_Length_PctChange5,0.0
9,Avg_Packet_Length_PctChange1,0.0
9,Avg_Packet_Length_Diff5,0.0
9,Avg_Packet_Length_Diff1,0.0
9,Avg_Bwd_Packets_Per_Second_Slope5,0.0
9,Avg_Bwd_Packets_Per_Second_ZScore5,0.0
9,Avg_Bwd_Packets_Per_Second_RollingStd5,0.0
2,Avg_Packet_Length_PctChange5,0.0
9,Avg_Bwd_Packets_Per_Second_PctChange5,0.0
9,Avg_Bwd_Packets_Per_Second_PctChange1,0.0
9,Avg_Bwd_Packets_Per_Second_Diff5,0.0
1,Avg_Fwd_Packets_Diff1,0.0
1,Avg_Flow_Duration_Slope5,0.0
1,Avg_Flow_Duration_ZScore5,0.0
1,Avg_Flow_Duration_PctChange5,0.0
1,Avg_Flow_Duration_PctChange1,0.0
1,Avg_Flow_Duration_Diff5,0.0
1,Avg_Flow_Duration_Diff1,0.0
1,Avg_Fwd_Bytes_Slope5,0.0
1,Avg_Fwd_Bytes_ZScore5,0.0
2,Avg_Packet_Length_PctChange1,0.0
1,Avg_Fwd_Bytes_RollingMean5,0.0
1,Avg_Fwd_Bytes_PctChange5,0.0
2,Avg_Packet_Length_Diff5,0.0
2,Avg_Packet_Length_Diff1,0.0
9,Avg_Bwd_Packets_Per_Second_Diff1,0.0
9,Avg_Fwd_Packets_Per_Second_Slope5,0.0
9,Avg_Fwd_Packets_Per_Second_ZScore5,0.0
9,Avg_Fwd_Packets_Per_Second_RollingStd5,0.0
9,Avg_Fwd_Packets_Per_Second_RollingMean5,0.0
2,Avg_Packets_Per_Second_Slope5,0.0
9,Avg_Fwd_Packets_Per_Second_PctChange1,0.0
9,Avg_Fwd_Packets_Per_Second_Diff5,0.0
9,Avg_Fwd_Packets_Per_Second_Diff1,0.0
9,RST_Count_Slope5,0.0
9,RST_Count_ZScore5,0.0
9,RST_Count_RollingStd5,0.0
2,Avg_Packets_Per_Second_ZScore5,0.0
9,RST_Count_PctChange1,0.0
9,RST_Count_Diff5,0.0
9,RST_Count_Diff1,0.0
2,Avg_Packets_Per_Second_RollingStd5,0.0
9,SYN_Count_ZScore5,0.0
2,Avg_Packets_Per_Second_PctChange5,0.0
2,Avg_Packets_Per_Second_PctChange1,0.0
2,Avg_Packets_Per_Second_Diff5,0.0
9,SYN_Count_PctChange1,0.0
9,SYN_Count_Diff5,0.0
9,SYN_Count_Diff1,0.0
9,ACK_Count_Slope5,0.0
9,ACK_Count_ZScore5,0.0
2,Avg_Packets_Per_Second_Diff1,0.0
2,Avg_Bytes_Per_Second_Slope5,0.0
9,ACK_Count_PctChange5,0.0
9,ACK_Count_PctChange1,0.0
9,ACK_Count_Diff5,0.0
9,ACK_Count_Diff1,0.0
2,Avg_Fwd_Packets_Per_Second_ZScore5,0.0
9,PSH_Count_ZScore5,0.0
9,PSH_Count_RollingStd5,0.0
9,PSH_Count_PctChange5,0.0
9,PSH_Count_PctChange1,0.0
9,PSH_Count_Diff5,0.0
9,PSH_Count_Diff1,0.0
2,Avg_Fwd_Packets_Per_Second_PctChange5,0.0
2,Avg_Fwd_Packets_Per_Second_PctChange1,0.0
9,Bwd_Fwd_Byte_Ratio,0.0
2,Avg_Fwd_Packets_Per_Second_Diff5,0.0
2,Avg_Fwd_Packets_Per_Second_Diff1,0.0
9,PSH_Per_Flow,0.0
2,Avg_Packet_Length_Std_ZScore5,0.0
9,SYN_Per_Flow,0.0
9,Unique_Destination_Ports_Slope5,0.0
9,Unique_Destination_Ports_ZScore5,0.0
2,Avg_Packet_Length_Std_RollingMean5,0.0
9,Unique_Destination_Ports_RollingMean5,0.0
9,Unique_Destination_Ports_PctChange5,0.0
9,Unique_Destination_Ports_PctChange1,0.0
9,Unique_Destination_Ports_Diff5,0.0
9,Unique_Destination_Ports_Diff1,0.0
10,Unique_Destination_Ports,0.0
10,SYN_Count,0.0
2,Avg_Packet_Length_Std_PctChange5,0.0
2,Avg_Packet_Length_Std_PctChange1,0.0
2,Avg_Packet_Length_Std_Diff5,0.0
2,Avg_Packet_Length_Std_Diff1,0.0
10,Avg_Bwd_Bytes,0.0
10,Avg_Fwd_Bytes,0.0
2,Avg_Packet_Length_Slope5,0.0
10,Avg_Fwd_Packets,0.0
10,Avg_Flow_Duration_ZScore5,0.0
2,SYN_Count_ZScore5,0.0
10,Avg_Flow_Duration_PctChange1,0.0
10,Avg_Flow_Duration_Diff5,0.0
10,Avg_Flow_Duration_Diff1,0.0
2,SYN_Count_RollingStd5,0.0
10,Flow_Count_ZScore5,0.0
10,Flow_Count_RollingMean5,0.0
10,Flow_Count_PctChange5,0.0
10,Flow_Count_PctChange1,0.0
10,Flow_Count_Diff5,0.0
10,Unique_Protocols,0.0
10,Avg_Bwd_Packets_ZScore5,0.0
2,SYN_Count_RollingMean5,0.0
2,SYN_Count_PctChange5,0.0
10,Avg_Bwd_Packets_PctChange5,0.0
10,Avg_Bwd_Packets_PctChange1,0.0
10,Avg_Bwd_Packets_Diff5,0.0
10,Avg_Bwd_Packets_Diff1,0.0
10,Avg_Fwd_Packets_Slope5,0.0
10,Avg_Fwd_Packets_ZScore5,0.0
2,SYN_Count_PctChange1,0.0
10,Avg_Fwd_Packets_PctChange5,0.0
10,Avg_Fwd_Packets_PctChange1,0.0
10,Avg_Fwd_Packets_Diff5,0.0
10,Avg_Fwd_Packets_Diff1,0.0
2,SYN_Count_Diff5,0.0
10,Avg_Bwd_Bytes_ZScore5,0.0
2,SYN_Count_Diff1,0.0
2,Avg_Bwd_Packets_Per_Second_Slope5,0.0
10,Avg_Bwd_Bytes_PctChange5,0.0
10,Avg_Bwd_Bytes_PctChange1,0.0
10,Avg_Bwd_Bytes_Diff5,0.0
10,Avg_Bwd_Bytes_Diff1,0.0
2,Avg_Bwd_Packets_Per_Second_ZScore5,0.0
2,Avg_Bwd_Packets_Per_Second_RollingMean5,0.0
10,Avg_Fwd_Bytes_RollingMean5,0.0
10,Avg_Fwd_Bytes_PctChange5,0.0
2,Avg_Bwd_Packets_Per_Second_PctChange1,0.0
10,Avg_Fwd_Bytes_Diff5,0.0
10,Avg_Fwd_Bytes_Diff1,0.0
2,Avg_Bwd_Packets_Per_Second_Diff1,0.0
10,Avg_Packets_Per_Second_ZScore5,0.0
10,Avg_Packets_Per_Second_RollingStd5,0.0
10,Avg_Packets_Per_Second_RollingMean5,0.0
10,Avg_Packets_Per_Second_PctChange5,0.0
10,Avg_Packets_Per_Second_PctChange1,0.0
10,Avg_Packets_Per_Second_Diff5,0.0
10,Avg_Packets_Per_Second_Diff1,0.0
2,Avg_Fwd_Packets_Per_Second_Slope5,0.0
10,Avg_Bytes_Per_Second_ZScore5,0.0
2,PSH_Count_ZScore5,0.0
2,PSH_Count_RollingStd5,0.0
10,Avg_Bytes_Per_Second_PctChange5,0.0
10,Avg_Bytes_Per_Second_PctChange1,0.0
10,Avg_Bytes_Per_Second_Diff5,0.0
2,PSH_Count_RollingMean5,0.0
10,Avg_Bwd_Bytes_Slope5,0.0
2,PSH_Count_PctChange5,0.0
2,PSH_Count_PctChange1,0.0
2,PSH_Count_Diff5,0.0
10,Avg_Packet_Length_Std_PctChange5,0.0
10,Avg_Packet_Length_Std_PctChange1,0.0
2,PSH_Count_Diff1,0.0
10,Avg_Packet_Length_Std_Diff1,0.0
2,RST_Count_ZScore5,0.0
10,Avg_Packet_Length_ZScore5,0.0
2,RST_Count_RollingMean5,0.0
10,Avg_Packet_Length_PctChange5,0.0
10,Avg_Packet_Length_PctChange1,0.0
2,RST_Count_PctChange5,0.0
10,Avg_Packet_Length_Diff1,0.0
10,Avg_Packets_Per_Second_Slope5,0.0
10,Avg_Bwd_Packets_Per_Second_ZScore5,0.0
10,Avg_Bwd_Packets_Per_Second_RollingStd5,0.0
2,RST_Count_PctChange1,0.0
10,Avg_Bwd_Packets_Per_Second_PctChange1,0.0
10,Avg_Bwd_Packets_Per_Second_Diff5,0.0
10,Avg_Bwd_Packets_Per_Second_Diff1,0.0
2,RST_Count_Diff1,0.0
10,Unique_Destination_Ports_ZScore5,0.0
10,Unique_Destination_Ports_RollingStd5,0.0
10,Unique_Destination_Ports_RollingMean5,0.0
10,Unique_Destination_Ports_PctChange5,0.0
10,Unique_Destination_Ports_PctChange1,0.0
2,SYN_Count_Slope5,0.0
10,Unique_Destination_Ports_Diff1,0.0
1,Avg_Bytes_Per_Second,0.0
1,Avg_Fwd_Packets_Slope5,0.0
1,Avg_Fwd_Packets_ZScore5,0.0
2,Unique_Destination_Ports_ZScore5,0.0
2,Unique_Destination_Ports_RollingStd5,0.0
2,Unique_Destination_Ports_RollingMean5,0.0
1,Avg_Fwd_Packets_PctChange1,0.0
1,Avg_Fwd_Packets_Diff5,0.0
10,Avg_Fwd_Packets_Per_Second_Slope5,0.0
10,Avg_Fwd_Packets_Per_Second_ZScore5,0.0
2,Unique_Destination_Ports_PctChange5,0.0
10,Avg_Fwd_Packets_Per_Second_RollingMean5,0.0
10,Avg_Fwd_Packets_Per_Second_PctChange5,0.0
10,Avg_Fwd_Packets_Per_Second_PctChange1,0.0
10,Avg_Fwd_Packets_Per_Second_Diff5,0.0
10,Avg_Fwd_Packets_Per_Second_Diff1,0.0
10,Avg_Packet_Length_Std_Slope5,0.0
2,Unique_Destination_Ports_PctChange1,0.0
1,Flow_Count,0.0
2,Unique_Destination_Ports_Diff5,0.0
1,Avg_Fwd_Packets,0.0
1,Avg_Bwd_Packets,0.0
1,Avg_Fwd_Bytes,0.0
1,Avg_Packet_Length_Std,0.0
10,Bwd_Fwd_Byte_Ratio,0.0
2,Unique_Destination_Ports_Diff1,0.0
2,ACK_Count_Slope5,0.0
10,PSH_Per_Flow,0.0
2,ACK_Count_ZScore5,0.0
10,SYN_Per_Flow,0.0
1,Flow_Count_Diff1,0.0
10,Avg_Bwd_Packets_Per_Second_Slope5,0.0
1,Avg_Bwd_Bytes,0.0
10,RST_Count_ZScore5,0.0
2,ACK_Count_PctChange5,0.0
2,ACK_Count_PctChange1,0.0
10,RST_Count_PctChange1,0.0
10,RST_Count_Diff5,0.0
10,RST_Count_Diff1,0.0
2,ACK_Count_Diff5,0.0
10,SYN_Count_ZScore5,0.0
2,ACK_Count_Diff1,0.0
3,Avg_Packets_Per_Second,0.0
10,SYN_Count_PctChange5,0.0
10,SYN_Count_PctChange1,0.0
10,SYN_Count_Diff5,0.0
3,Avg_Bytes_Per_Second,0.0
10,RST_Count_Slope5,0.0
